-- --------------------------------------------------------
-- Host:                         127.0.0.1
-- Server version:               5.7.23 - MySQL Community Server (GPL)
-- Server OS:                    Win64
-- HeidiSQL Version:             9.5.0.5196
-- --------------------------------------------------------

/*!40101 SET @OLD_CHARACTER_SET_CLIENT=@@CHARACTER_SET_CLIENT */;
/*!40101 SET NAMES utf8 */;
/*!50503 SET NAMES utf8mb4 */;
/*!40014 SET @OLD_FOREIGN_KEY_CHECKS=@@FOREIGN_KEY_CHECKS, FOREIGN_KEY_CHECKS=0 */;
/*!40101 SET @OLD_SQL_MODE=@@SQL_MODE, SQL_MODE='NO_AUTO_VALUE_ON_ZERO' */;


-- Dumping database structure for eapi
DROP DATABASE IF EXISTS `eapi`;
CREATE DATABASE IF NOT EXISTS `eapi` /*!40100 DEFAULT CHARACTER SET utf8 */;
USE `eapi`;

-- Dumping structure for table eapi.migrations
DROP TABLE IF EXISTS `migrations`;
CREATE TABLE IF NOT EXISTS `migrations` (
  `id` int(10) unsigned NOT NULL AUTO_INCREMENT,
  `migration` varchar(191) COLLATE utf8mb4_unicode_ci NOT NULL,
  `batch` int(11) NOT NULL,
  PRIMARY KEY (`id`)
) ENGINE=MyISAM AUTO_INCREMENT=5 DEFAULT CHARSET=utf8mb4 COLLATE=utf8mb4_unicode_ci;

-- Dumping data for table eapi.migrations: 4 rows
/*!40000 ALTER TABLE `migrations` DISABLE KEYS */;
INSERT INTO `migrations` (`id`, `migration`, `batch`) VALUES
	(1, '2014_10_12_000000_create_users_table', 1),
	(2, '2014_10_12_100000_create_password_resets_table', 1),
	(3, '2019_01_01_081435_create_products_table', 1),
	(4, '2019_01_01_081457_create_reviews_table', 1);
/*!40000 ALTER TABLE `migrations` ENABLE KEYS */;

-- Dumping structure for table eapi.password_resets
DROP TABLE IF EXISTS `password_resets`;
CREATE TABLE IF NOT EXISTS `password_resets` (
  `email` varchar(191) COLLATE utf8mb4_unicode_ci NOT NULL,
  `token` varchar(191) COLLATE utf8mb4_unicode_ci NOT NULL,
  `created_at` timestamp NULL DEFAULT NULL,
  KEY `password_resets_email_index` (`email`)
) ENGINE=MyISAM DEFAULT CHARSET=utf8mb4 COLLATE=utf8mb4_unicode_ci;

-- Dumping data for table eapi.password_resets: 0 rows
/*!40000 ALTER TABLE `password_resets` DISABLE KEYS */;
/*!40000 ALTER TABLE `password_resets` ENABLE KEYS */;

-- Dumping structure for table eapi.products
DROP TABLE IF EXISTS `products`;
CREATE TABLE IF NOT EXISTS `products` (
  `id` int(10) unsigned NOT NULL AUTO_INCREMENT,
  `name` varchar(191) COLLATE utf8mb4_unicode_ci NOT NULL,
  `detail` text COLLATE utf8mb4_unicode_ci NOT NULL,
  `price` int(11) NOT NULL,
  `stock` int(11) NOT NULL,
  `discount` int(11) NOT NULL,
  `created_at` timestamp NULL DEFAULT NULL,
  `updated_at` timestamp NULL DEFAULT NULL,
  PRIMARY KEY (`id`)
) ENGINE=MyISAM AUTO_INCREMENT=151 DEFAULT CHARSET=utf8mb4 COLLATE=utf8mb4_unicode_ci;

-- Dumping data for table eapi.products: 150 rows
/*!40000 ALTER TABLE `products` DISABLE KEYS */;
INSERT INTO `products` (`id`, `name`, `detail`, `price`, `stock`, `discount`, `created_at`, `updated_at`) VALUES
	(1, 'exercitationem', 'Est quasi consectetur recusandae est earum sequi vel. Dicta vitae odit et eligendi eos esse. Voluptas corporis ut aut velit.', 150, 4, 16, '2019-01-01 09:33:13', '2019-01-01 09:33:13'),
	(2, 'eveniet', 'Quia est ut voluptatum corrupti ea rerum. Dignissimos enim vel ut sint itaque accusantium voluptatem. Minus fuga perspiciatis maxime non et sint.', 420, 5, 11, '2019-01-01 09:33:13', '2019-01-01 09:33:13'),
	(3, 'aut', 'Dolores sint dolore enim id. Officiis odio qui rerum ipsum. Aut provident aut labore dolor ex.', 1382, 2, 14, '2019-01-01 09:33:13', '2019-01-01 09:33:13'),
	(4, 'omnis', 'Magni molestiae reprehenderit mollitia. Aliquid rem nostrum veritatis inventore et magnam. Quidem culpa eveniet quia eius dolores aperiam. Sed doloremque fuga quod eum. Perspiciatis eos consequatur odio veniam aut magni.', 1169, 0, 6, '2019-01-01 09:33:13', '2019-01-01 09:33:13'),
	(5, 'voluptatem', 'Ut illo quam nemo omnis. Eum aut consequatur aperiam ea vero. Rem praesentium quod unde et dolorum.', 870, 0, 6, '2019-01-01 09:33:13', '2019-01-01 09:33:13'),
	(6, 'qui', 'Explicabo pariatur consequatur et et cum. Eos sed voluptatem qui quasi perferendis rerum voluptatem. Mollitia aut iste mollitia hic vel nesciunt.', 996, 6, 13, '2019-01-01 09:33:13', '2019-01-01 09:33:13'),
	(7, 'quod', 'Dignissimos doloribus doloribus cumque voluptatem eum magni animi. Sapiente quae ut quia soluta modi sint quisquam. Pariatur quaerat labore qui voluptatem rerum. Sit qui fugiat ratione et.', 581, 5, 13, '2019-01-01 09:33:13', '2019-01-01 09:33:13'),
	(8, 'recusandae', 'Aliquid rerum dolores ipsam fugit. Dicta accusantium deleniti doloribus est. Unde qui consequuntur laudantium praesentium beatae consequuntur. Non reprehenderit eius amet facilis quo sequi dolorem.', 751, 2, 2, '2019-01-01 09:33:13', '2019-01-01 09:33:13'),
	(9, 'ab', 'Consequatur omnis qui maxime magni facilis occaecati blanditiis. Aliquam et quis quam voluptate. Nulla eaque sed aut voluptatem. Non numquam rerum perferendis quaerat.', 900, 5, 17, '2019-01-01 09:33:13', '2019-01-01 09:33:13'),
	(10, 'molestias', 'Et aut porro iusto voluptatem reiciendis voluptatem. Perferendis voluptatem explicabo omnis excepturi. Exercitationem facilis quia doloribus eos vero.', 702, 5, 3, '2019-01-01 09:33:13', '2019-01-01 09:33:13'),
	(11, 'quidem', 'Sit possimus dignissimos nostrum occaecati aliquam. Velit quia qui aut facere dolores. Excepturi laboriosam consectetur illo impedit accusamus.', 791, 8, 16, '2019-01-01 09:33:13', '2019-01-01 09:33:13'),
	(12, 'assumenda', 'Voluptatem aut architecto nostrum odio dolore eligendi recusandae. Voluptas rerum non ex non ut. Id dolorem quia eum necessitatibus. Amet tempora sequi a rerum facilis facilis pariatur sed.', 933, 2, 9, '2019-01-01 09:33:13', '2019-01-01 09:33:13'),
	(13, 'est', 'Rerum animi nemo odit cupiditate fugit ipsam repellendus. Animi distinctio voluptatem recusandae libero aut. Autem mollitia aspernatur sit eligendi quia.', 888, 0, 4, '2019-01-01 09:33:13', '2019-01-01 09:33:13'),
	(14, 'eaque', 'Ratione qui suscipit itaque perspiciatis rerum labore harum. Aliquam ullam sit eligendi. Ullam nobis rerum totam et corrupti impedit minus.', 1320, 2, 20, '2019-01-01 09:33:13', '2019-01-01 09:33:13'),
	(15, 'possimus', 'Quia aut ut nulla iure dolores officia saepe. Harum adipisci dolor inventore quia. Qui numquam eaque quisquam pariatur.', 1073, 3, 14, '2019-01-01 09:33:13', '2019-01-01 09:33:13'),
	(16, 'ut', 'Numquam vitae sit adipisci et sequi et nulla. Blanditiis voluptatibus molestiae tempore consectetur sit amet cum. Impedit ab natus ratione voluptates eveniet perferendis.', 788, 1, 18, '2019-01-01 09:33:13', '2019-01-01 09:33:13'),
	(17, 'perferendis', 'Temporibus sunt eos maiores. Expedita et in earum quisquam qui. Sit ipsa molestias corporis ad ut. Inventore aliquid occaecati aliquam commodi et doloremque voluptatem.', 1103, 0, 12, '2019-01-01 09:33:13', '2019-01-01 09:33:13'),
	(18, 'ut', 'Neque ea aspernatur ea qui doloribus hic quae eaque. Culpa quia error minus provident ipsam. Non nisi ut consequatur omnis sint expedita atque.', 1191, 9, 17, '2019-01-01 09:33:13', '2019-01-01 09:33:13'),
	(19, 'aut', 'Quo atque est molestiae placeat enim ut. At vel sunt aut libero. Reiciendis expedita amet aut quibusdam illum.', 684, 8, 17, '2019-01-01 09:33:13', '2019-01-01 09:33:13'),
	(20, 'provident', 'Voluptatum et modi qui. Ut aut exercitationem laudantium aut nemo quas ducimus. Non et quae nemo quis esse. Ut aut quasi et ab labore amet.', 376, 1, 12, '2019-01-01 09:33:13', '2019-01-01 09:33:13'),
	(21, 'modi', 'Ex cupiditate quos quo repellat eaque. Vitae natus vero earum optio repellat animi iure ex. Ad fuga nihil est sapiente.', 203, 5, 19, '2019-01-01 09:33:13', '2019-01-01 09:33:13'),
	(22, 'sunt', 'Enim et nisi reiciendis dolores beatae error enim voluptatem. Repellat quis est et saepe velit. Porro et sequi omnis delectus.', 322, 5, 8, '2019-01-01 09:33:13', '2019-01-01 09:33:13'),
	(23, 'aut', 'Numquam sint vel quas aliquam. In voluptate et sapiente autem quis. Qui omnis necessitatibus voluptatem non. Reprehenderit omnis et quos nihil.', 899, 3, 7, '2019-01-01 09:33:13', '2019-01-01 09:33:13'),
	(24, 'et', 'Omnis impedit iure eos cupiditate eum ea atque eos. Voluptas eveniet explicabo enim voluptas est labore aut. Repudiandae eum facilis rerum et ut eum. Et voluptatibus consequuntur commodi quos repudiandae ullam hic.', 958, 6, 8, '2019-01-01 09:33:13', '2019-01-01 09:33:13'),
	(25, 'facilis', 'Quibusdam recusandae vel rerum. Animi eaque consectetur accusamus id saepe ratione qui omnis.', 1330, 7, 15, '2019-01-01 09:33:13', '2019-01-01 09:33:13'),
	(26, 'corporis', 'Ut in deserunt maiores ut sint omnis. Quia qui ipsum unde nulla amet sit laudantium. Accusamus totam minus eaque nesciunt eveniet adipisci ducimus. Ipsam dolorem et voluptatibus voluptatem deserunt pariatur suscipit.', 1354, 5, 13, '2019-01-01 09:33:13', '2019-01-01 09:33:13'),
	(27, 'qui', 'Et nam ad quia. Laboriosam harum reiciendis earum id. Ullam repellendus dolorum fugit earum voluptatibus. Est adipisci et repellat velit deleniti officia.', 593, 1, 10, '2019-01-01 09:33:13', '2019-01-01 09:33:13'),
	(28, 'ex', 'Molestias voluptatem sint qui labore. Est dignissimos voluptatem molestiae eum. Atque et dolorem facere provident.', 486, 3, 13, '2019-01-01 09:33:13', '2019-01-01 09:33:13'),
	(29, 'at', 'Dolores et aut consequatur deleniti et. Rerum nam in inventore est exercitationem et. Eos rerum ut quidem dolorem dolore asperiores.', 1074, 7, 4, '2019-01-01 09:33:13', '2019-01-01 09:33:13'),
	(30, 'facilis', 'Quaerat voluptatem debitis soluta officiis adipisci qui. Et et dolores et voluptates. Perferendis nesciunt dicta recusandae eius vel. Cum cum molestiae error odit commodi. Accusantium corporis labore nam quia.', 202, 8, 13, '2019-01-01 09:33:13', '2019-01-01 09:33:13'),
	(31, 'quisquam', 'Voluptatem autem aut aut perspiciatis. Saepe doloremque atque et laudantium. Quia molestiae ullam harum voluptatem nisi molestias.', 537, 2, 20, '2019-01-01 09:33:13', '2019-01-01 09:33:13'),
	(32, 'neque', 'Dolorum temporibus sint et tempore et. Rerum eum sit et quasi. Quia totam sit labore nihil saepe ea nisi. Explicabo numquam dolor ducimus veniam.', 1499, 3, 9, '2019-01-01 09:33:13', '2019-01-01 09:33:13'),
	(33, 'asperiores', 'Labore cumque ab libero et ullam necessitatibus. Rerum voluptatum quia quia. Omnis voluptatibus sunt voluptas quis voluptatem deleniti sed. Adipisci iste aut sed.', 1429, 3, 19, '2019-01-01 09:33:13', '2019-01-01 09:33:13'),
	(34, 'in', 'Exercitationem dolores ut aperiam enim et corporis aut. Quidem voluptatem ut quisquam officiis fugiat. Rerum aut quis dicta expedita. Praesentium reprehenderit voluptas est consectetur qui.', 924, 3, 18, '2019-01-01 09:33:13', '2019-01-01 09:33:13'),
	(35, 'occaecati', 'Enim laborum quam necessitatibus amet non. Iste autem saepe aut nostrum qui nobis qui. Facilis sit tempora blanditiis. Ratione quos aut magni.', 1224, 8, 4, '2019-01-01 09:33:13', '2019-01-01 09:33:13'),
	(36, 'ex', 'Tempore omnis non sed reiciendis sint. Voluptatibus accusamus error enim doloremque. Saepe dicta doloremque doloremque quibusdam cupiditate repellat. Est enim officia harum nihil incidunt perspiciatis.', 349, 4, 3, '2019-01-01 09:33:13', '2019-01-01 09:33:13'),
	(37, 'magnam', 'Possimus quia mollitia quaerat. Ut quae accusantium vel blanditiis. Dolor a a repudiandae dolorem aut consequatur. Rerum unde quo qui illo. Ipsum dolor omnis in.', 109, 7, 17, '2019-01-01 09:33:13', '2019-01-01 09:33:13'),
	(38, 'amet', 'Cumque nisi excepturi quas quis molestias consequatur temporibus. Alias beatae pariatur autem est dolores. Aut dolorum quo excepturi rerum molestiae non.', 392, 4, 10, '2019-01-01 09:33:13', '2019-01-01 09:33:13'),
	(39, 'vitae', 'Consequatur nihil et autem iste nesciunt. Alias qui facilis alias et. Ut nam qui rerum dicta ratione.', 315, 4, 17, '2019-01-01 09:33:13', '2019-01-01 09:33:13'),
	(40, 'et', 'Reiciendis commodi repellendus commodi sapiente quia voluptas est. Dolore excepturi deserunt mollitia voluptates. Cumque fuga accusantium maxime facere perferendis et dolorem facilis.', 1396, 9, 18, '2019-01-01 09:33:13', '2019-01-01 09:33:13'),
	(41, 'quidem', 'Rerum illo veritatis dolore commodi quos nihil. Omnis sit eum aut minima. Quis placeat tenetur impedit dolor aut corporis temporibus. Dolore fugiat dolorem voluptatem.', 346, 2, 3, '2019-01-01 09:33:13', '2019-01-01 09:33:13'),
	(42, 'quos', 'Cum autem molestiae deserunt nemo nulla dolore quisquam quia. Ut animi omnis laboriosam sapiente corporis minus sed. Officia commodi qui mollitia harum et impedit. Quo voluptatem corporis officia et.', 1383, 2, 14, '2019-01-01 09:33:13', '2019-01-01 09:33:13'),
	(43, 'delectus', 'Facere et ut aut a aut in quo temporibus. Alias quis quo ut magnam ad nisi aut. Aperiam occaecati et vitae facere ea assumenda placeat. Aut tempore veniam iste omnis cum et iste aliquid.', 564, 4, 18, '2019-01-01 09:33:13', '2019-01-01 09:33:13'),
	(44, 'quos', 'Beatae enim et inventore fugiat. Autem voluptas eos porro et recusandae.', 742, 8, 14, '2019-01-01 09:33:13', '2019-01-01 09:33:13'),
	(45, 'odit', 'Impedit inventore nihil similique ut eius. Incidunt quam ipsa qui facere aut est. Nobis quod amet laborum voluptatibus. Quia non laboriosam nulla saepe et dolores. Tenetur quae ex vero earum voluptas sit.', 1277, 1, 10, '2019-01-01 09:33:13', '2019-01-01 09:33:13'),
	(46, 'sit', 'Minima aliquam debitis nesciunt dolores architecto eius explicabo exercitationem. Deleniti assumenda minima error ipsum consequatur earum ducimus. Unde deleniti recusandae explicabo eligendi earum dolorem quia.', 1271, 8, 3, '2019-01-01 09:33:13', '2019-01-01 09:33:13'),
	(47, 'et', 'Quae et nemo dolor. Quo sint et nihil ipsum suscipit perferendis corporis earum. Officia velit eaque omnis sed explicabo molestiae. Temporibus porro labore eos.', 617, 7, 20, '2019-01-01 09:33:13', '2019-01-01 09:33:13'),
	(48, 'ipsam', 'Esse ducimus fugit reprehenderit doloremque eos facilis. Quos omnis eaque error beatae eos dolor est. Totam rerum blanditiis temporibus dolores deleniti.', 1044, 9, 15, '2019-01-01 09:33:13', '2019-01-01 09:33:13'),
	(49, 'autem', 'Quod quibusdam et temporibus laborum illo. Facilis earum dolorem ut hic ratione inventore eum. Molestiae tempore incidunt est et itaque. Quia et est voluptas nobis qui animi.', 118, 9, 6, '2019-01-01 09:33:13', '2019-01-01 09:33:13'),
	(50, 'optio', 'Itaque deserunt expedita labore consequuntur rerum molestiae numquam. Nam omnis dolorem fugiat veritatis ut. Et alias quasi et rem. Aut quas rem soluta cumque odit.', 133, 8, 3, '2019-01-01 09:33:13', '2019-01-01 09:33:13'),
	(51, 'facilis', 'Cupiditate accusamus molestias ea consequatur. Consequuntur aut sed culpa molestiae reprehenderit praesentium et. Error vel qui ipsum aut quia nemo eos.', 547, 9, 19, '2019-01-01 09:33:33', '2019-01-01 09:33:33'),
	(52, 'saepe', 'Vitae praesentium excepturi et et quos placeat. Deleniti esse aliquid tempora et labore.', 1177, 0, 16, '2019-01-01 09:33:33', '2019-01-01 09:33:33'),
	(53, 'placeat', 'Et ut enim adipisci sequi voluptatum. Fuga architecto et repudiandae est voluptas ut. Atque vel quos ut cupiditate. Aliquam fugiat ab sed vel sit.', 589, 2, 5, '2019-01-01 09:33:33', '2019-01-01 09:33:33'),
	(54, 'et', 'Veniam sint quod labore aliquid laudantium voluptates molestias quia. Fugiat quis nihil est sed soluta dolor omnis repellat. Harum odit voluptatem omnis illum et ex labore. Maiores dolorem dolorem recusandae sed culpa necessitatibus natus.', 1244, 9, 19, '2019-01-01 09:33:33', '2019-01-01 09:33:33'),
	(55, 'in', 'Nostrum asperiores rerum voluptas sit possimus dolores. Dignissimos deserunt dignissimos praesentium at est nostrum. Ut numquam quod quia ut dolore dolore incidunt. Sunt quidem hic quibusdam aut ea praesentium voluptatem.', 1485, 3, 11, '2019-01-01 09:33:33', '2019-01-01 09:33:33'),
	(56, 'quibusdam', 'Quis repellat eaque omnis et magni. Id id natus blanditiis dolorum repellat occaecati. Sint est cumque iusto ipsum corrupti.', 671, 9, 10, '2019-01-01 09:33:33', '2019-01-01 09:33:33'),
	(57, 'sunt', 'Voluptas nulla praesentium eaque est doloribus. Non magni qui quaerat omnis enim. Impedit quas atque odio nihil adipisci soluta doloremque sed. Facilis vel pariatur provident nostrum.', 290, 4, 14, '2019-01-01 09:33:33', '2019-01-01 09:33:33'),
	(58, 'repudiandae', 'Quo non illo quod. Sequi vel illo similique perspiciatis est in. Voluptates suscipit aspernatur cupiditate repellendus. Quisquam qui ad velit qui. Suscipit quibusdam suscipit necessitatibus eos est.', 786, 3, 4, '2019-01-01 09:33:33', '2019-01-01 09:33:33'),
	(59, 'blanditiis', 'Et ea necessitatibus ad nesciunt. A doloribus minus sapiente tempore labore. Voluptatem temporibus et libero consequuntur rerum aliquid esse. Modi non corrupti ea voluptates id quam impedit minus.', 1227, 3, 17, '2019-01-01 09:33:33', '2019-01-01 09:33:33'),
	(60, 'cumque', 'Omnis est consectetur enim laboriosam qui odit ut. Dicta rem praesentium dolor magnam qui vel. Consequatur dolore aut totam animi qui.', 232, 0, 15, '2019-01-01 09:33:33', '2019-01-01 09:33:33'),
	(61, 'dolore', 'Perferendis qui fugit consequatur rerum ut. Sed consectetur ut in fugiat quis. Ea harum dignissimos aut quibusdam. Facere quaerat temporibus nobis provident dolore veritatis id corporis.', 1245, 6, 4, '2019-01-01 09:33:33', '2019-01-01 09:33:33'),
	(62, 'consequatur', 'Aut id nihil numquam temporibus culpa aut deleniti fugit. Aut voluptate fugit id eligendi nihil quasi. Qui autem enim sunt ex.', 325, 8, 5, '2019-01-01 09:33:33', '2019-01-01 09:33:33'),
	(63, 'explicabo', 'Recusandae odit possimus aut rerum. Eos et quia dicta minus dolorem blanditiis labore quo. Amet quo eos ratione harum eos facilis. Qui molestiae vel veritatis id neque qui.', 1210, 5, 7, '2019-01-01 09:33:33', '2019-01-01 09:33:33'),
	(64, 'voluptas', 'Recusandae ut sunt velit exercitationem dolor. Ipsum omnis quidem nesciunt recusandae voluptates. Maxime earum ut beatae aut et cumque.', 860, 2, 14, '2019-01-01 09:33:33', '2019-01-01 09:33:33'),
	(65, 'aut', 'Quisquam ea voluptates nesciunt et. Dicta et natus veniam quia adipisci laudantium. Numquam repellendus alias aspernatur blanditiis amet et molestiae. Qui qui sit ut provident ipsum accusantium. Sed at unde sunt accusamus sed.', 1088, 2, 16, '2019-01-01 09:33:33', '2019-01-01 09:33:33'),
	(66, 'consequatur', 'Dolor est fugit mollitia ipsam impedit. Molestiae deleniti voluptates ut ut eum. Quam voluptas rerum eum eos enim dolor.', 1372, 6, 10, '2019-01-01 09:33:33', '2019-01-01 09:33:33'),
	(67, 'beatae', 'Quod saepe nostrum quasi repellat. Quos cumque voluptatem minima atque amet sapiente quibusdam qui. Totam ab et aspernatur fugiat consequuntur dicta nobis. Nemo numquam atque nihil odio.', 643, 3, 18, '2019-01-01 09:33:33', '2019-01-01 09:33:33'),
	(68, 'accusamus', 'Aut ullam et aut voluptatem. Odit aut ducimus minima dolores. Nihil quia aliquid assumenda impedit. Corporis consequatur aliquam cum dolorem.', 251, 2, 10, '2019-01-01 09:33:33', '2019-01-01 09:33:33'),
	(69, 'saepe', 'Porro quos eum cum quae. Suscipit officiis similique quia vel et quia. Numquam minus explicabo a fugit. Veniam nihil cupiditate et.', 851, 7, 12, '2019-01-01 09:33:33', '2019-01-01 09:33:33'),
	(70, 'esse', 'Modi blanditiis facilis ad rerum qui omnis omnis non. Quia alias nihil minus at tempora omnis minima earum. Libero et est suscipit laudantium consectetur. Sed sit quam sunt aut.', 1306, 3, 9, '2019-01-01 09:33:33', '2019-01-01 09:33:33'),
	(71, 'quia', 'Molestiae ea reprehenderit eligendi expedita. Sequi alias cupiditate enim nostrum molestiae ea unde sed. Dolores cumque tempore nisi et.', 1398, 3, 9, '2019-01-01 09:33:33', '2019-01-01 09:33:33'),
	(72, 'ducimus', 'Minima vel eius voluptas aut temporibus consequatur exercitationem. Corrupti quidem mollitia repudiandae quidem. Officiis voluptatibus dolores est veniam error eaque quibusdam. Itaque voluptas a corporis suscipit quam.', 195, 7, 11, '2019-01-01 09:33:33', '2019-01-01 09:33:33'),
	(73, 'numquam', 'Iste et necessitatibus tenetur eos blanditiis a. Assumenda dolor magni perspiciatis velit. Sint incidunt aliquid asperiores quo voluptatem earum nobis.', 1456, 8, 15, '2019-01-01 09:33:33', '2019-01-01 09:33:33'),
	(74, 'ullam', 'Cum ad quaerat et laudantium. Atque non veritatis voluptatibus sint natus quas. Debitis voluptas iste enim et autem. Earum aliquam earum in.', 1423, 6, 15, '2019-01-01 09:33:33', '2019-01-01 09:33:33'),
	(75, 'ut', 'Recusandae consectetur delectus ad illo vero eligendi ipsum quisquam. Aut illum dolorem rerum quidem vero laboriosam. Voluptas tempore autem sit dolorum voluptate.', 1019, 3, 3, '2019-01-01 09:33:33', '2019-01-01 09:33:33'),
	(76, 'odio', 'Quaerat et excepturi harum. Qui eos qui aut accusantium corrupti eveniet mollitia. Modi dolor et dolorem sapiente sed qui est ab.', 989, 1, 18, '2019-01-01 09:33:33', '2019-01-01 09:33:33'),
	(77, 'sint', 'Molestiae aut a ratione rerum tempore rerum officia vitae. Voluptatum nesciunt libero qui. Tempore deserunt sunt unde sed numquam. Quaerat nesciunt laudantium est et dolorum.', 655, 0, 16, '2019-01-01 09:33:33', '2019-01-01 09:33:33'),
	(78, 'ratione', 'Quos non quas voluptatem quo et debitis qui. Est qui quos ratione perspiciatis molestiae reiciendis qui. Cumque distinctio velit quia incidunt repellendus. Corporis ad nihil autem corporis vel quibusdam ut. Labore voluptatem est dolor ratione et veniam esse.', 775, 0, 16, '2019-01-01 09:33:33', '2019-01-01 09:33:33'),
	(79, 'ex', 'Blanditiis rem quia aut dicta doloribus molestias. Labore possimus repellat amet ut itaque. Et illo aspernatur similique voluptates officiis.', 1307, 6, 5, '2019-01-01 09:33:33', '2019-01-01 09:33:33'),
	(80, 'quis', 'Ut perspiciatis hic optio voluptate. Nihil excepturi officia illum repellendus dolores.', 1155, 7, 7, '2019-01-01 09:33:33', '2019-01-01 09:33:33'),
	(81, 'sequi', 'Atque aut officiis quas et. Dolores facere quia ut qui nihil vel blanditiis. Inventore velit in est id vero. Nesciunt voluptas placeat atque consequatur provident et suscipit dignissimos.', 291, 2, 12, '2019-01-01 09:33:33', '2019-01-01 09:33:33'),
	(82, 'laboriosam', 'Et iure facilis ut quae voluptas non voluptatem eum. Modi sed molestias rerum sed similique laborum veniam. Nulla reprehenderit ea pariatur. Repudiandae ut quia magnam praesentium iure.', 1125, 0, 14, '2019-01-01 09:33:33', '2019-01-01 09:33:33'),
	(83, 'et', 'Maxime enim molestias quaerat vero. Reprehenderit dicta ut eligendi sunt asperiores est. Maiores officia accusamus temporibus provident architecto.', 899, 0, 5, '2019-01-01 09:33:33', '2019-01-01 09:33:33'),
	(84, 'ullam', 'Quis amet dicta quia consequatur. Eum beatae repudiandae vero atque. Veritatis veniam quae omnis delectus. Amet omnis delectus quia exercitationem iusto corporis repellat.', 739, 2, 20, '2019-01-01 09:33:33', '2019-01-01 09:33:33'),
	(85, 'qui', 'Rerum dolores distinctio odit aut ullam similique et. Dolorum iure quo quia asperiores inventore id. Rerum officia deleniti quia molestiae rerum quia. Et autem aut non inventore et id incidunt voluptatem.', 301, 8, 3, '2019-01-01 09:33:33', '2019-01-01 09:33:33'),
	(86, 'incidunt', 'Vero eaque laudantium illum quia autem. Et ea veniam necessitatibus velit itaque saepe. Nulla maiores veritatis similique consectetur rerum quis. Soluta voluptatum illo explicabo exercitationem et veritatis.', 920, 0, 18, '2019-01-01 09:33:33', '2019-01-01 09:33:33'),
	(87, 'aut', 'Iure ipsam quas nihil et animi voluptate qui id. Deleniti voluptas ea explicabo rerum. Incidunt sint tenetur rem eveniet repellendus qui inventore delectus.', 437, 5, 9, '2019-01-01 09:33:33', '2019-01-01 09:33:33'),
	(88, 'fugit', 'Expedita earum rerum accusamus et. Omnis molestiae autem voluptates sit totam doloribus ullam. Quasi quo quisquam et sit dolorum. Laborum natus alias est maxime quam vitae nisi.', 536, 0, 14, '2019-01-01 09:33:33', '2019-01-01 09:33:33'),
	(89, 'et', 'Nostrum voluptas inventore voluptatum quasi dicta illo. Quo dignissimos repudiandae voluptatem quo quae excepturi aut suscipit. Autem labore nostrum itaque eveniet. Similique quo sit consequuntur et voluptates hic.', 630, 6, 13, '2019-01-01 09:33:33', '2019-01-01 09:33:33'),
	(90, 'neque', 'Iste at aut eos dolores non nam. Aliquid hic et qui voluptas magni quaerat. Autem distinctio sint minima eos blanditiis voluptas delectus dolorem.', 1118, 0, 13, '2019-01-01 09:33:33', '2019-01-01 09:33:33'),
	(91, 'sequi', 'Dicta totam hic excepturi incidunt eum at. Rerum voluptate quia quo alias. Odit saepe sequi itaque quae earum enim error. Vitae explicabo eum assumenda doloremque sed voluptatem voluptas.', 891, 4, 16, '2019-01-01 09:33:33', '2019-01-01 09:33:33'),
	(92, 'amet', 'Accusamus odit iusto similique. Maxime quaerat rerum reiciendis modi nulla in fuga. Aspernatur autem facilis quia aut sunt.', 1157, 5, 15, '2019-01-01 09:33:33', '2019-01-01 09:33:33'),
	(93, 'qui', 'Ut quasi pariatur rem ratione repellat temporibus. Quisquam recusandae doloremque aperiam sint blanditiis molestiae. Delectus recusandae quos dolorem in.', 1286, 4, 2, '2019-01-01 09:33:33', '2019-01-01 09:33:33'),
	(94, 'qui', 'Aut quia qui hic voluptate ducimus quis ex optio. Nostrum velit non rerum. Et omnis molestias consequatur mollitia nihil quod natus. Ipsum aliquam nihil in.', 1076, 6, 20, '2019-01-01 09:33:33', '2019-01-01 09:33:33'),
	(95, 'veritatis', 'Adipisci cum repudiandae corporis dolore commodi distinctio. Modi alias a debitis quae omnis.', 533, 3, 13, '2019-01-01 09:33:33', '2019-01-01 09:33:33'),
	(96, 'quia', 'Sunt atque est voluptatem possimus voluptatem atque. Laborum odit rerum consectetur quisquam ratione voluptatibus tempore. Provident qui quisquam non ex repellat sed. Nihil maiores assumenda consequuntur ut enim soluta.', 274, 7, 10, '2019-01-01 09:33:33', '2019-01-01 09:33:33'),
	(97, 'ipsa', 'Quasi sint ea ex consequatur ab. Quas veritatis quaerat eum sit sed. Perferendis culpa qui autem eius veniam ea. In sed explicabo quidem exercitationem facere consequatur.', 917, 6, 18, '2019-01-01 09:33:33', '2019-01-01 09:33:33'),
	(98, 'eligendi', 'Velit omnis nostrum dolor. Omnis architecto in magni ab impedit. Voluptas sed dolor aspernatur voluptatem asperiores. Ut facilis facilis rerum magnam neque eos ut.', 1025, 9, 5, '2019-01-01 09:33:33', '2019-01-01 09:33:33'),
	(99, 'in', 'Fuga et nesciunt delectus consequatur. Ut facilis ut voluptatum asperiores ipsam. Expedita dolorem voluptatem enim ab omnis cupiditate molestiae.', 296, 5, 10, '2019-01-01 09:33:33', '2019-01-01 09:33:33'),
	(100, 'qui', 'Quo cupiditate rem harum quibusdam. Dolorem et pariatur praesentium cumque commodi non vel. Dolor nihil qui repudiandae ipsa aut.', 1228, 6, 20, '2019-01-01 09:33:33', '2019-01-01 09:33:33'),
	(101, 'eaque', 'Quia dolores reiciendis dolorum itaque quo. Ut nihil debitis distinctio dignissimos ea. Sint culpa voluptate maiores sapiente.', 1495, 4, 18, '2019-01-01 09:33:42', '2019-01-01 09:33:42'),
	(102, 'officia', 'Illo ut qui sed sunt. Explicabo accusamus dolores quis dignissimos. Provident vero natus voluptatem omnis. Numquam rerum fugit veritatis beatae voluptatem labore.', 203, 1, 4, '2019-01-01 09:33:42', '2019-01-01 09:33:42'),
	(103, 'et', 'Quod ipsam soluta voluptatem. Nobis placeat dolores molestiae dignissimos eveniet consequuntur quia. Iusto et voluptatem similique eos ad.', 150, 1, 16, '2019-01-01 09:33:42', '2019-01-01 09:33:42'),
	(104, 'sit', 'Dolorem nam ab autem. Rerum aut fugiat earum. Distinctio sed vero sunt aspernatur voluptate voluptas a.', 554, 8, 12, '2019-01-01 09:33:42', '2019-01-01 09:33:42'),
	(105, 'hic', 'Quibusdam rerum veritatis alias eum et dolorem ullam quibusdam. Repellendus at sed voluptatem commodi. Inventore recusandae harum odio voluptatibus est officiis velit.', 1423, 8, 19, '2019-01-01 09:33:42', '2019-01-01 09:33:42'),
	(106, 'reiciendis', 'Nam et accusantium sed eum omnis nihil voluptatem. Animi non laudantium aperiam voluptas nihil tempore officiis. Ea molestiae autem sit sit quae non. Quaerat quia sit officiis qui placeat.', 728, 5, 12, '2019-01-01 09:33:42', '2019-01-01 09:33:42'),
	(107, 'maxime', 'Minus et minus qui nesciunt. Repudiandae voluptatibus aperiam non voluptatem. Consequatur expedita explicabo provident aliquid sunt. Ut sint porro tempore nemo sed doloremque nesciunt.', 165, 4, 18, '2019-01-01 09:33:42', '2019-01-01 09:33:42'),
	(108, 'placeat', 'Architecto quisquam dolorem perspiciatis. Repudiandae eaque minima et aliquid dolorem. Illo iste quis occaecati nisi est perferendis enim. Fugit reprehenderit numquam rerum voluptatem accusamus minima qui sapiente.', 943, 6, 2, '2019-01-01 09:33:42', '2019-01-01 09:33:42'),
	(109, 'atque', 'Qui alias est totam harum nemo voluptatem impedit. Quibusdam iusto rerum illo quisquam tempora. Illo autem necessitatibus eius repudiandae.', 944, 3, 12, '2019-01-01 09:33:42', '2019-01-01 09:33:42'),
	(110, 'sunt', 'Et aut omnis autem voluptate. Quaerat laborum eveniet aliquam laudantium. Quia odit voluptatem quia assumenda sunt nostrum suscipit id.', 1254, 5, 15, '2019-01-01 09:33:42', '2019-01-01 09:33:42'),
	(111, 'eaque', 'Quasi doloremque nesciunt ipsa delectus natus. Dolorem ut tenetur voluptas earum exercitationem neque. Eum inventore ut accusamus rerum.', 1168, 4, 3, '2019-01-01 09:33:42', '2019-01-01 09:33:42'),
	(112, 'consequuntur', 'Saepe quam id mollitia veritatis ipsum asperiores reiciendis. Ipsum repellendus architecto rerum. Veniam expedita autem est rem. Eum et maxime libero quaerat aut qui sed quam. A quasi dolor voluptatem maiores.', 732, 1, 5, '2019-01-01 09:33:42', '2019-01-01 09:33:42'),
	(113, 'ut', 'Tenetur id dolores magnam eos. Id sunt ea praesentium nesciunt mollitia hic. Illo quibusdam sit qui hic nihil ipsa. Dolorem iure placeat eligendi non.', 834, 7, 5, '2019-01-01 09:33:42', '2019-01-01 09:33:42'),
	(114, 'asperiores', 'Aut saepe excepturi nostrum aut dolor repellendus rerum. Aliquam qui eligendi nesciunt asperiores sit. Voluptas ratione iste quod id quibusdam temporibus deserunt hic. Maxime enim tempore sunt omnis sit id debitis neque.', 144, 1, 14, '2019-01-01 09:33:42', '2019-01-01 09:33:42'),
	(115, 'vitae', 'Nemo id non provident earum rerum dolores. Saepe commodi vel perspiciatis consequatur expedita error. Adipisci error aliquam voluptatem ducimus molestiae sunt dolores debitis. Saepe nisi sit totam inventore quis aut architecto. Nemo quo officiis recusandae placeat in.', 423, 1, 11, '2019-01-01 09:33:42', '2019-01-01 09:33:42'),
	(116, 'ut', 'Sint molestiae neque eum incidunt in dolore aut. Qui in culpa enim autem consectetur animi tenetur. Totam quia fugit et et dignissimos quas aut. Nulla laudantium commodi nesciunt voluptatem.', 1367, 7, 10, '2019-01-01 09:33:42', '2019-01-01 09:33:42'),
	(117, 'vel', 'Ut id tempora nihil enim illo consequatur eligendi aut. Libero exercitationem voluptas natus iure. Consequatur quibusdam eligendi blanditiis corrupti perferendis fugiat.', 479, 4, 17, '2019-01-01 09:33:42', '2019-01-01 09:33:42'),
	(118, 'non', 'Maxime assumenda atque ut sapiente. Ut quis est fugiat dignissimos ut. Tempore est quis animi in et quo.', 743, 4, 15, '2019-01-01 09:33:42', '2019-01-01 09:33:42'),
	(119, 'excepturi', 'Sequi ratione quo iure fugit rerum molestiae. Molestias odio veritatis labore id et. Mollitia amet soluta consequuntur qui.', 166, 1, 9, '2019-01-01 09:33:42', '2019-01-01 09:33:42'),
	(120, 'et', 'Aut inventore illo velit sequi quibusdam at provident. Aperiam voluptatem quidem quis sed mollitia ut. Ipsam voluptatem nobis laboriosam fugit. Ut sed fugiat eos labore. Iure doloribus eligendi est.', 1012, 3, 9, '2019-01-01 09:33:42', '2019-01-01 09:33:42'),
	(121, 'qui', 'Nulla fuga eum autem est eos autem soluta. Deleniti distinctio et consequatur nihil. Fuga laborum natus eos corrupti.', 267, 2, 7, '2019-01-01 09:33:42', '2019-01-01 09:33:42'),
	(122, 'aut', 'Sed suscipit excepturi hic reiciendis. Quis dolores nesciunt odio recusandae ad. Molestiae aspernatur quo ad voluptas sed saepe.', 898, 7, 20, '2019-01-01 09:33:42', '2019-01-01 09:33:42'),
	(123, 'laudantium', 'Distinctio nulla id voluptatem. Praesentium non minus ab sit vel quidem iusto. Eos tempore aut fugiat tempore omnis sed cupiditate veritatis.', 1332, 9, 17, '2019-01-01 09:33:42', '2019-01-01 09:33:42'),
	(124, 'et', 'Autem neque temporibus doloribus voluptas dolor. Id aut culpa natus distinctio dolores praesentium unde. Illum a quo sed numquam tenetur. Incidunt iure porro dolores et et libero.', 914, 0, 8, '2019-01-01 09:33:42', '2019-01-01 09:33:42'),
	(125, 'itaque', 'Eum dolores nemo facere ex velit et. Molestiae sit facere omnis sequi adipisci aspernatur et dolorem. Officia quo libero explicabo incidunt exercitationem atque.', 642, 6, 16, '2019-01-01 09:33:42', '2019-01-01 09:33:42'),
	(126, 'pariatur', 'Tenetur sunt inventore quasi ipsum molestiae quo blanditiis. Perferendis deleniti fugiat sint enim eveniet laboriosam necessitatibus. Illum facilis in id et. Et enim ut cum omnis consequatur. Omnis eos possimus quos quis.', 960, 1, 18, '2019-01-01 09:33:42', '2019-01-01 09:33:42'),
	(127, 'dolor', 'Est dolor quaerat quasi. Ducimus nostrum dolorem veritatis accusantium. Id quasi qui voluptatum et neque eum esse ut.', 282, 6, 16, '2019-01-01 09:33:42', '2019-01-01 09:33:42'),
	(128, 'dolorem', 'Deserunt eaque exercitationem qui consectetur. Voluptatum sit doloremque et consequatur cupiditate corporis suscipit. Et vel sapiente itaque facilis.', 1439, 2, 8, '2019-01-01 09:33:42', '2019-01-01 09:33:42'),
	(129, 'assumenda', 'Earum natus delectus dignissimos sed. Quaerat quidem laudantium inventore qui porro unde.', 566, 1, 11, '2019-01-01 09:33:42', '2019-01-01 09:33:42'),
	(130, 'quidem', 'Velit molestiae eligendi quaerat in dignissimos iste. In repellat sit rerum minima quia sequi accusamus. Distinctio commodi dolores ipsam porro amet tenetur.', 398, 4, 2, '2019-01-01 09:33:42', '2019-01-01 09:33:42'),
	(131, 'ipsam', 'Vel praesentium omnis veniam aut voluptas. Pariatur numquam qui animi aspernatur esse. Rerum aut dolorem at aut culpa nihil.', 1268, 5, 15, '2019-01-01 09:33:42', '2019-01-01 09:33:42'),
	(132, 'assumenda', 'Iste qui eum recusandae. Quia dolorem incidunt et eligendi est excepturi dignissimos.', 183, 0, 2, '2019-01-01 09:33:42', '2019-01-01 09:33:42'),
	(133, 'velit', 'Sunt modi nihil ab mollitia et est et. A libero a quia quos laboriosam vel ut. Aspernatur vitae ut culpa quis laborum. Voluptates corporis pariatur ab eius perspiciatis quia minima et.', 392, 6, 11, '2019-01-01 09:33:42', '2019-01-01 09:33:42'),
	(134, 'sit', 'Sed sunt quidem quam tempora et vitae. Laborum maiores incidunt quo soluta. Quis culpa est voluptate ex cupiditate tempore non placeat.', 1404, 5, 19, '2019-01-01 09:33:42', '2019-01-01 09:33:42'),
	(135, 'enim', 'Eligendi molestiae provident praesentium ab harum vel eaque. Sunt ipsa voluptatem qui eum sequi qui ut.', 184, 2, 12, '2019-01-01 09:33:42', '2019-01-01 09:33:42'),
	(136, 'debitis', 'Nobis aliquid sit qui. Voluptas suscipit dicta magnam dolore in unde. Consequatur amet libero sit deserunt fugiat.', 655, 2, 19, '2019-01-01 09:33:42', '2019-01-01 09:33:42'),
	(137, 'vel', 'Et provident earum rerum hic. Labore aliquid et minus voluptate repudiandae magni quisquam. Quo esse occaecati mollitia sint quo omnis possimus.', 912, 0, 17, '2019-01-01 09:33:42', '2019-01-01 09:33:42'),
	(138, 'enim', 'Provident quo sunt possimus voluptatem quia provident. Accusamus numquam non natus hic repudiandae vitae. Ut vel aut consequatur. Ut rem non sapiente asperiores.', 1052, 0, 8, '2019-01-01 09:33:42', '2019-01-01 09:33:42'),
	(139, 'impedit', 'Temporibus tempora quos asperiores suscipit et. Neque velit suscipit quo itaque aliquid quas. Exercitationem sed aperiam ut ut nihil illo cum. Aperiam delectus facilis debitis et itaque architecto. Dicta modi doloremque quod ipsam.', 976, 7, 9, '2019-01-01 09:33:42', '2019-01-01 09:33:42'),
	(140, 'dolor', 'Sit autem illum aut. Vitae aut qui ratione autem. Quod dolores exercitationem recusandae nihil consequuntur dolores.', 431, 6, 18, '2019-01-01 09:33:42', '2019-01-01 09:33:42'),
	(141, 'eum', 'Ad architecto commodi iure. Eveniet id assumenda rerum a dolorem. Rem expedita labore voluptate consequuntur fuga. Ut quibusdam quo consequatur voluptatem ipsum doloremque pariatur. Est cum ab sed voluptate.', 399, 3, 18, '2019-01-01 09:33:42', '2019-01-01 09:33:42'),
	(142, 'voluptatem', 'Amet neque accusamus praesentium nulla. Qui nemo et aut consequuntur voluptatem cupiditate. Neque dolorum nisi doloremque animi. Ut nihil consequatur ut ut laudantium. Quo porro velit eligendi omnis.', 489, 4, 10, '2019-01-01 09:33:42', '2019-01-01 09:33:42'),
	(143, 'facere', 'Deserunt impedit reprehenderit sit harum. Nihil odit exercitationem aliquam voluptas tenetur. Ut fugiat id ipsam facere animi harum placeat.', 314, 1, 14, '2019-01-01 09:33:42', '2019-01-01 09:33:42'),
	(144, 'et', 'Ad molestiae aut assumenda laborum qui ullam impedit quae. Quos ut vero labore dolore officia provident id. Inventore aliquid quod dolor aut laboriosam et. Aut sint sunt numquam accusamus fugiat ratione quia.', 1130, 3, 12, '2019-01-01 09:33:42', '2019-01-01 09:33:42'),
	(145, 'ea', 'Id in modi omnis alias omnis. Soluta sapiente quisquam suscipit sit. Quibusdam non cupiditate ut voluptas. Atque excepturi minima quia nulla eos animi itaque.', 1137, 2, 17, '2019-01-01 09:33:42', '2019-01-01 09:33:42'),
	(146, 'sit', 'Voluptas et totam aut tempore. Aut eum provident ut mollitia adipisci. Aut molestias sapiente rerum voluptatem. Ut qui repudiandae nam corrupti eos et. Non hic placeat sed soluta provident nostrum itaque.', 1288, 0, 15, '2019-01-01 09:33:42', '2019-01-01 09:33:42'),
	(147, 'velit', 'Non sint expedita et modi fuga quis. Rerum tenetur delectus nobis nihil recusandae provident aut. Qui libero qui voluptatem qui repellendus aperiam.', 481, 0, 20, '2019-01-01 09:33:42', '2019-01-01 09:33:42'),
	(148, 'corporis', 'Eius id nostrum magnam deserunt. Ut qui earum sit nostrum est doloribus. Soluta pariatur molestiae alias illo. Id quis quos laudantium alias.', 700, 6, 12, '2019-01-01 09:33:42', '2019-01-01 09:33:42'),
	(149, 'nihil', 'Impedit qui consequatur praesentium soluta nemo. Dolore natus enim ratione perferendis odit. Rerum cum aliquam minus tempora earum aut. Vel cumque id laborum odit qui quae quae.', 1422, 7, 15, '2019-01-01 09:33:42', '2019-01-01 09:33:42'),
	(150, 'incidunt', 'Et et voluptatibus commodi quia voluptas recusandae. Esse atque eaque non exercitationem. Qui eos quia exercitationem in laudantium. Soluta asperiores ut voluptas voluptatem vitae quam sit. Sed sed ut quaerat dolores pariatur nihil.', 361, 8, 17, '2019-01-01 09:33:42', '2019-01-01 09:33:42');
/*!40000 ALTER TABLE `products` ENABLE KEYS */;

-- Dumping structure for table eapi.reviews
DROP TABLE IF EXISTS `reviews`;
CREATE TABLE IF NOT EXISTS `reviews` (
  `id` int(10) unsigned NOT NULL AUTO_INCREMENT,
  `product_id` int(10) unsigned NOT NULL,
  `customer` varchar(191) COLLATE utf8mb4_unicode_ci NOT NULL,
  `review` text COLLATE utf8mb4_unicode_ci NOT NULL,
  `star` int(11) NOT NULL,
  `created_at` timestamp NULL DEFAULT NULL,
  `updated_at` timestamp NULL DEFAULT NULL,
  PRIMARY KEY (`id`),
  KEY `reviews_product_id_index` (`product_id`)
) ENGINE=MyISAM AUTO_INCREMENT=301 DEFAULT CHARSET=utf8mb4 COLLATE=utf8mb4_unicode_ci;

-- Dumping data for table eapi.reviews: 300 rows
/*!40000 ALTER TABLE `reviews` DISABLE KEYS */;
INSERT INTO `reviews` (`id`, `product_id`, `customer`, `review`, `star`, `created_at`, `updated_at`) VALUES
	(1, 38, 'Darius Daniel', 'Eveniet facere quis deserunt ad facilis qui deserunt. Excepturi laboriosam placeat vero sunt numquam.', 3, '2019-01-01 09:33:43', '2019-01-01 09:33:43'),
	(2, 73, 'Dallas Homenick Sr.', 'Vel sit eligendi enim ut recusandae. Rerum quo dolor omnis nisi aut ipsa quidem. Voluptatem dolores ut doloremque incidunt quis qui.', 5, '2019-01-01 09:33:43', '2019-01-01 09:33:43'),
	(3, 4, 'Amelie Hodkiewicz', 'Ratione aut sit ex aliquid voluptatem nihil. Ut deserunt recusandae quas porro. Et aspernatur nostrum quo. Distinctio temporibus nostrum illo distinctio in reprehenderit et reprehenderit.', 3, '2019-01-01 09:33:43', '2019-01-01 09:33:43'),
	(4, 99, 'Miss Brandyn Hegmann DVM', 'Ullam qui odio alias molestias molestiae. Alias enim vitae et magni adipisci est. Asperiores sint esse aut recusandae earum nisi nihil. Libero non omnis ut aut ea.', 0, '2019-01-01 09:33:43', '2019-01-01 09:33:43'),
	(5, 135, 'Prof. Josephine Pfannerstill', 'At rem atque aut est eum. Quisquam maiores placeat accusantium numquam. Optio reiciendis temporibus accusamus laborum vel neque deleniti. Exercitationem veritatis qui sit nostrum maxime est.', 1, '2019-01-01 09:33:43', '2019-01-01 09:33:43'),
	(6, 8, 'Mr. Harvey Wilkinson V', 'Sit nemo ex facilis quo et. Neque sed fugit quisquam eos voluptatum voluptatem. Velit et quia autem impedit voluptatem occaecati. Dolorem cupiditate et ducimus rerum numquam pariatur.', 5, '2019-01-01 09:33:43', '2019-01-01 09:33:43'),
	(7, 93, 'Perry Cole', 'Odio rem veniam libero maiores voluptatibus. Neque quia dolorem sunt ut. Quaerat quis natus sunt fuga labore sed consequatur. Alias qui sunt ut vero.', 0, '2019-01-01 09:33:43', '2019-01-01 09:33:43'),
	(8, 35, 'Mr. Dagmar Weimann', 'Error ex recusandae veniam consequuntur iure quis aperiam. Nihil repellat ut necessitatibus molestiae. Odio dolorem nihil et magnam nostrum fuga.', 2, '2019-01-01 09:33:43', '2019-01-01 09:33:43'),
	(9, 64, 'Mr. Favian Reinger', 'Neque placeat non et voluptatem voluptas. Saepe animi quia sit reiciendis fugiat neque beatae. Porro ratione ut cupiditate.', 2, '2019-01-01 09:33:43', '2019-01-01 09:33:43'),
	(10, 113, 'Fritz Reichel', 'Vero repellat rerum cupiditate itaque consequatur commodi accusamus. Non sint omnis voluptatem repellendus dicta laboriosam. Dignissimos distinctio velit odio ut est molestias. Itaque eveniet quidem et.', 5, '2019-01-01 09:33:43', '2019-01-01 09:33:43'),
	(11, 21, 'Prof. Garry Predovic DVM', 'Vel totam harum esse id sit possimus. Quos totam reiciendis molestiae blanditiis commodi ea minus ratione. Quia quaerat quisquam neque qui ducimus totam.', 1, '2019-01-01 09:33:43', '2019-01-01 09:33:43'),
	(12, 127, 'Brayan Bauch Sr.', 'Qui repellat ab omnis sint qui eos nobis. Eveniet accusamus cupiditate hic asperiores cum. Necessitatibus ullam quo mollitia. Minus molestiae maiores mollitia placeat quas illo.', 2, '2019-01-01 09:33:43', '2019-01-01 09:33:43'),
	(13, 43, 'Prof. Alexandro Dach I', 'Cum temporibus non qui earum nam quia. Enim consequuntur dolorem quas eligendi a est. Hic enim deleniti molestiae sed sed est ut. Ab debitis recusandae dicta nam enim nisi nihil repudiandae. Accusantium rerum cupiditate libero perspiciatis et tenetur.', 5, '2019-01-01 09:33:43', '2019-01-01 09:33:43'),
	(14, 84, 'Dr. Schuyler Jerde DVM', 'Quis quibusdam accusamus amet similique sit omnis. Unde ut libero occaecati voluptatem minima quis reiciendis voluptates. Fugit et quaerat accusamus qui.', 4, '2019-01-01 09:33:43', '2019-01-01 09:33:43'),
	(15, 63, 'Kody Upton', 'Labore iure porro ut. Quasi ea fugit neque natus ipsum quibusdam id. Atque quisquam quidem et totam.', 5, '2019-01-01 09:33:43', '2019-01-01 09:33:43'),
	(16, 68, 'Otto Langworth', 'Debitis asperiores tempora et. Occaecati soluta quaerat dolor unde aperiam minus. Nesciunt rerum ut natus necessitatibus quaerat.', 2, '2019-01-01 09:33:43', '2019-01-01 09:33:43'),
	(17, 11, 'Mr. Gus Stokes', 'Consequatur maiores ut odio non reprehenderit. Magni omnis beatae aut explicabo rem. Tenetur sapiente vitae consequatur.', 0, '2019-01-01 09:33:43', '2019-01-01 09:33:43'),
	(18, 131, 'Richard Bogisich', 'Cupiditate est veniam sed fuga et occaecati maxime. Sunt est laborum deleniti recusandae deserunt qui esse. Vel est quo sit laboriosam. Consequatur sint sint necessitatibus.', 4, '2019-01-01 09:33:43', '2019-01-01 09:33:43'),
	(19, 150, 'Santa Gutmann', 'Numquam dolorem molestiae ex magnam maiores velit architecto. Officiis eum voluptatem qui nihil quas. Neque voluptatum placeat numquam voluptate voluptatibus. Nobis sunt est et molestiae.', 4, '2019-01-01 09:33:43', '2019-01-01 09:33:43'),
	(20, 106, 'Vickie Stehr DDS', 'Reprehenderit ab id id. Dolor qui ut modi. Modi aliquid aut cupiditate.', 0, '2019-01-01 09:33:43', '2019-01-01 09:33:43'),
	(21, 149, 'Delfina Kulas', 'Consequatur voluptas corporis ea laborum numquam. Tempora porro officia ea. Occaecati excepturi et est.', 4, '2019-01-01 09:33:43', '2019-01-01 09:33:43'),
	(22, 22, 'Prof. Margarita Krajcik III', 'Id voluptates voluptate possimus quibusdam eaque aut quaerat. Eligendi quis blanditiis autem. Amet nam adipisci sunt et dolor. Officia dignissimos et nisi veniam quam omnis nostrum. Numquam excepturi ea voluptas recusandae aspernatur ut.', 4, '2019-01-01 09:33:43', '2019-01-01 09:33:43'),
	(23, 80, 'Heloise Fahey', 'Doloribus sint autem hic cum. Sapiente quibusdam enim tempore mollitia. Esse corrupti voluptas occaecati numquam et veritatis iure.', 1, '2019-01-01 09:33:43', '2019-01-01 09:33:43'),
	(24, 70, 'Jodie Schmidt', 'Fugit aut nihil quae. Dolorum enim adipisci rerum temporibus exercitationem et in. Veritatis qui recusandae suscipit fuga quisquam id debitis sit. Nobis autem est omnis optio aut doloribus.', 4, '2019-01-01 09:33:43', '2019-01-01 09:33:43'),
	(25, 106, 'Lonie Stoltenberg', 'Accusamus repellat illo est natus id est. Sint repellendus fugit et. Et sequi sit est repudiandae perferendis aliquam. Qui totam quia omnis necessitatibus quo est nisi.', 2, '2019-01-01 09:33:43', '2019-01-01 09:33:43'),
	(26, 54, 'Anabelle Padberg', 'Accusantium earum illum est illo quo impedit corrupti. Ea natus optio consequuntur consequatur sed nemo impedit.', 2, '2019-01-01 09:33:43', '2019-01-01 09:33:43'),
	(27, 140, 'Thora Hamill', 'Possimus dicta ut debitis. Nam quae quasi tempora sed. Quidem non voluptas consequatur sit et minus sint. Enim tempora veniam repellendus repellendus.', 2, '2019-01-01 09:33:43', '2019-01-01 09:33:43'),
	(28, 17, 'Prof. Ilene Frami', 'Vel veritatis tempora inventore nihil. Vel sit velit atque occaecati aspernatur sit. Id voluptatibus aut voluptatem minima sint architecto est.', 4, '2019-01-01 09:33:43', '2019-01-01 09:33:43'),
	(29, 4, 'Prof. Loma Weber', 'Eum culpa perferendis optio iure. Nam perferendis deleniti eos nisi. Laudantium id vel reiciendis quia.', 3, '2019-01-01 09:33:43', '2019-01-01 09:33:43'),
	(30, 73, 'Wilfredo Schimmel MD', 'Praesentium est suscipit sed. Corporis cumque aut accusamus voluptatem incidunt quod aspernatur. Eius cupiditate corrupti ducimus provident necessitatibus nulla et. Occaecati praesentium impedit asperiores architecto temporibus dolor explicabo.', 0, '2019-01-01 09:33:43', '2019-01-01 09:33:43'),
	(31, 43, 'Sterling Ullrich', 'Et eum sapiente iure soluta ducimus corporis fugit. Dolorem voluptas est fugiat enim quo. Quasi nulla id incidunt.', 4, '2019-01-01 09:33:43', '2019-01-01 09:33:43'),
	(32, 94, 'Mr. Stephen Haley', 'Tempora molestiae repellendus animi modi quia eum ut. Eaque nostrum harum placeat occaecati eum sint. Aut nostrum et ipsa asperiores.', 2, '2019-01-01 09:33:43', '2019-01-01 09:33:43'),
	(33, 57, 'Felipe McDermott', 'Tenetur tempore nulla quod fugiat. Deleniti vitae provident ex velit sapiente et ut. At deserunt dolorem magnam dolor quas. Qui fugiat eaque numquam culpa mollitia.', 5, '2019-01-01 09:33:43', '2019-01-01 09:33:43'),
	(34, 27, 'Oral Farrell', 'Numquam ut aut doloribus ullam sint. Corrupti iusto dolor et quisquam. Dignissimos iste vel qui unde.', 0, '2019-01-01 09:33:43', '2019-01-01 09:33:43'),
	(35, 77, 'Margot Sipes', 'Dolore aut temporibus saepe. Sed nostrum officia velit cum aspernatur. Et minus aperiam nobis aut.', 1, '2019-01-01 09:33:43', '2019-01-01 09:33:43'),
	(36, 131, 'Trey Schmeler DDS', 'Quo ut exercitationem fugit. Expedita velit aut molestiae non. Vel accusamus ut ut animi minima reiciendis. Velit optio corporis inventore rerum eius est.', 0, '2019-01-01 09:33:43', '2019-01-01 09:33:43'),
	(37, 146, 'Everett Franecki', 'Expedita nihil ullam laborum nihil autem sed. Saepe at aut molestiae atque et. Tempore corrupti sit similique qui.', 3, '2019-01-01 09:33:43', '2019-01-01 09:33:43'),
	(38, 15, 'Annamae Murphy DDS', 'Voluptatem alias deleniti voluptatibus quidem voluptas consequatur placeat autem. Esse minima quia qui ut enim debitis porro maiores. In esse voluptatibus quo repellendus tenetur voluptatem. Quia aut ut reprehenderit sapiente est.', 5, '2019-01-01 09:33:43', '2019-01-01 09:33:43'),
	(39, 122, 'Barrett Wilkinson', 'Et magnam sed accusantium nulla velit iure in. Numquam velit aut temporibus quod illum est mollitia. Ratione quo omnis facilis corrupti culpa quaerat ab.', 5, '2019-01-01 09:33:43', '2019-01-01 09:33:43'),
	(40, 150, 'Genevieve Tillman', 'Tempora quam dolorem perspiciatis ullam labore ut molestias. Praesentium sunt velit autem ut. Voluptatem doloribus fugit numquam eius dolores nulla.', 4, '2019-01-01 09:33:43', '2019-01-01 09:33:43'),
	(41, 61, 'Abagail Wilkinson V', 'Perferendis delectus quae facere unde occaecati voluptatem perferendis voluptas. Sit temporibus officia soluta blanditiis. Assumenda nesciunt beatae odit dolorum commodi repellendus.', 4, '2019-01-01 09:33:43', '2019-01-01 09:33:43'),
	(42, 143, 'Dandre Jenkins', 'Sit esse voluptatem unde dolor. Natus et et molestiae veniam aliquid earum harum. Vel maiores perferendis rerum qui. Ipsa ex rerum commodi alias.', 0, '2019-01-01 09:33:43', '2019-01-01 09:33:43'),
	(43, 34, 'Prof. Selina Herzog PhD', 'Tempora officia alias officiis harum facilis. Omnis nesciunt iste vel similique a soluta. Qui enim minima inventore recusandae. Sint facilis numquam ea voluptatibus.', 5, '2019-01-01 09:33:43', '2019-01-01 09:33:43'),
	(44, 11, 'Britney Wolff', 'Odio delectus voluptates aut reprehenderit. Mollitia vitae labore illo quia repellendus ut.', 1, '2019-01-01 09:33:43', '2019-01-01 09:33:43'),
	(45, 43, 'Prof. Spencer Hane', 'Commodi omnis quas dolor illo. Eaque odit dolorem doloribus accusamus nisi sunt. Vero non natus nostrum nihil vero voluptate doloremque omnis.', 4, '2019-01-01 09:33:43', '2019-01-01 09:33:43'),
	(46, 10, 'Norval Boyer', 'Nihil ratione repellendus qui. Tenetur ut commodi labore voluptas qui sint. Cumque quia quisquam consequatur voluptatem amet. Laboriosam iusto facere qui.', 0, '2019-01-01 09:33:43', '2019-01-01 09:33:43'),
	(47, 125, 'Fiona Mann', 'Sint occaecati animi dolores totam. Mollitia sed ducimus rem ea sunt. Reprehenderit ipsam et earum amet exercitationem ab. Suscipit vel at quod vel sit voluptas.', 3, '2019-01-01 09:33:43', '2019-01-01 09:33:43'),
	(48, 144, 'Mariela Orn MD', 'Eius possimus laudantium doloribus ut. Necessitatibus voluptatibus vitae eum dicta similique quam.', 2, '2019-01-01 09:33:43', '2019-01-01 09:33:43'),
	(49, 21, 'Madelynn Towne', 'Ut fuga ut impedit expedita sequi minima sunt. Blanditiis sunt ipsa officiis eveniet sed ducimus non corrupti. Soluta deserunt totam sit unde perspiciatis.', 3, '2019-01-01 09:33:43', '2019-01-01 09:33:43'),
	(50, 37, 'Alivia Schinner', 'Quia dignissimos tenetur magni assumenda doloremque quam. Quo sint a ut deserunt itaque sed. Quia illum enim magnam consequatur quo quibusdam maiores pariatur.', 0, '2019-01-01 09:33:43', '2019-01-01 09:33:43'),
	(51, 77, 'Lelia Reynolds', 'Voluptate placeat omnis labore hic voluptatem quas. Omnis sed itaque culpa quibusdam. Debitis est rerum fugiat quia rem eveniet.', 0, '2019-01-01 09:33:43', '2019-01-01 09:33:43'),
	(52, 116, 'Dr. Elijah Wuckert DVM', 'Doloribus aut nam omnis. Quidem velit et est. Odit ipsum commodi dolor saepe fugiat est maxime.', 2, '2019-01-01 09:33:43', '2019-01-01 09:33:43'),
	(53, 133, 'Dayne Wehner', 'Maiores culpa ratione illum dolores sit. Dolor rerum aut repellat sit ducimus. Corporis enim rerum commodi facere.', 3, '2019-01-01 09:33:43', '2019-01-01 09:33:43'),
	(54, 85, 'Jazmyn Dickens III', 'Modi sint maiores voluptates quo. Accusamus incidunt inventore sunt reprehenderit quas atque. Consequuntur beatae aliquam eum non cupiditate omnis magnam.', 2, '2019-01-01 09:33:43', '2019-01-01 09:33:43'),
	(55, 139, 'Mr. Kory Lindgren V', 'Itaque cum consequatur quisquam officia dolores consequatur natus. Laborum exercitationem unde quia dolores sint. Eos molestias perferendis ipsum necessitatibus neque quia expedita qui. Praesentium omnis soluta deserunt in dolor.', 4, '2019-01-01 09:33:43', '2019-01-01 09:33:43'),
	(56, 61, 'Courtney Quigley', 'Saepe voluptatum excepturi voluptatibus doloremque cumque libero aliquam. Eum neque sapiente quia illum in sed. Alias qui fugit qui aut. Consequuntur sint officiis dignissimos accusamus minus sed totam.', 3, '2019-01-01 09:33:43', '2019-01-01 09:33:43'),
	(57, 73, 'Dandre Stamm', 'Inventore quibusdam laboriosam hic cumque. Ut dolorem tempora nulla vitae. Accusamus deleniti sed quasi et fugiat molestiae.', 4, '2019-01-01 09:33:43', '2019-01-01 09:33:43'),
	(58, 136, 'Nickolas Huel', 'Vel facere reprehenderit aut ut qui veritatis eos. Deserunt voluptates suscipit animi sit dolores. Consequatur optio aperiam ratione in.', 3, '2019-01-01 09:33:43', '2019-01-01 09:33:43'),
	(59, 61, 'Maximilian Jenkins', 'Dolor nemo ipsa quas saepe asperiores et veniam ut. Maiores quos nulla recusandae quis.', 4, '2019-01-01 09:33:43', '2019-01-01 09:33:43'),
	(60, 17, 'Kamryn Doyle', 'Eaque aut optio quidem aut fuga nesciunt fugiat. Et quasi cupiditate fuga et sint reprehenderit minima. Soluta nostrum dolores voluptas id aut soluta. Autem pariatur autem quos iusto dignissimos eligendi aliquam. Eos et fuga et earum esse voluptatem.', 3, '2019-01-01 09:33:43', '2019-01-01 09:33:43'),
	(61, 133, 'Marianna Wisozk', 'Quis exercitationem est voluptatum. Modi qui voluptatem tempore neque quia quasi. Sed tenetur vel recusandae et eos corporis. Est accusamus qui quia et numquam amet.', 5, '2019-01-01 09:33:43', '2019-01-01 09:33:43'),
	(62, 93, 'Jacklyn Mitchell', 'Soluta hic ut adipisci ex accusamus est et. Sit magnam et qui dolores. Quia quo sapiente ullam velit et corrupti.', 4, '2019-01-01 09:33:43', '2019-01-01 09:33:43'),
	(63, 5, 'Ms. May Macejkovic DVM', 'Aut impedit qui eveniet asperiores assumenda dolorem non dolores. Quas eaque ullam excepturi vero sequi vitae soluta voluptatibus. Suscipit voluptatibus voluptatem aut voluptates.', 0, '2019-01-01 09:33:43', '2019-01-01 09:33:43'),
	(64, 71, 'Ms. Susan Trantow', 'Nesciunt quisquam enim magni optio sed impedit eos. Ut quasi aut numquam tempore et debitis. Voluptas vel qui est excepturi commodi harum unde assumenda. Similique necessitatibus delectus vel exercitationem vitae earum.', 2, '2019-01-01 09:33:43', '2019-01-01 09:33:43'),
	(65, 86, 'Orion Kuhlman Jr.', 'Adipisci laborum ut ipsam voluptate facere ducimus. Nam eos necessitatibus ex pariatur consequatur aut ex. Animi quaerat qui occaecati quaerat dignissimos.', 5, '2019-01-01 09:33:43', '2019-01-01 09:33:43'),
	(66, 5, 'Quentin Kohler', 'Dolor nobis quod provident doloribus. Quae consequatur quia voluptate quis qui. Deleniti magni aliquid sunt ex dignissimos.', 5, '2019-01-01 09:33:43', '2019-01-01 09:33:43'),
	(67, 82, 'Autumn Bruen', 'Et nobis est ut voluptatum. Dolores qui in modi mollitia molestiae reiciendis. Eaque nesciunt et exercitationem similique.', 4, '2019-01-01 09:33:43', '2019-01-01 09:33:43'),
	(68, 98, 'Hester Morissette', 'Distinctio omnis sunt delectus fugit esse saepe. Ipsum non non deserunt quidem. Qui sit exercitationem provident nobis id. Aut cupiditate odio pariatur autem qui quia necessitatibus.', 4, '2019-01-01 09:33:43', '2019-01-01 09:33:43'),
	(69, 129, 'Alia Jaskolski', 'Consequatur omnis corporis facilis maiores voluptatem in. Fugiat sed quasi quae perspiciatis.', 1, '2019-01-01 09:33:43', '2019-01-01 09:33:43'),
	(70, 113, 'Ms. Freda Sawayn II', 'Sed velit possimus sunt rerum vel illum dolore. Et et odio est. In qui et placeat quisquam.', 5, '2019-01-01 09:33:43', '2019-01-01 09:33:43'),
	(71, 24, 'Vinnie Kovacek', 'Iste consequatur praesentium consequatur fuga atque. Perferendis ad molestiae voluptatem dolorem recusandae odio. Iusto aut repellendus repellat et vel aliquid reiciendis. Dicta labore aut aut iusto.', 0, '2019-01-01 09:33:43', '2019-01-01 09:33:43'),
	(72, 147, 'Cortney Heathcote', 'Eius et qui ea et. Fuga amet aliquid vero sit vel nobis praesentium. Qui voluptas tenetur nihil voluptatum. Voluptatibus totam nam sit laboriosam nobis est modi suscipit.', 5, '2019-01-01 09:33:43', '2019-01-01 09:33:43'),
	(73, 90, 'Adella Smitham', 'Enim ipsam et qui odit. Possimus similique consequatur sed velit dolores. Soluta sequi enim rerum illum et reiciendis aut. Deleniti repellat veniam veniam iste aspernatur.', 3, '2019-01-01 09:33:43', '2019-01-01 09:33:43'),
	(74, 142, 'Bernadette Robel', 'Eligendi in commodi rem distinctio dicta. Placeat dolores aut ea dolorum deserunt. Temporibus numquam dicta distinctio nobis.', 0, '2019-01-01 09:33:43', '2019-01-01 09:33:43'),
	(75, 143, 'Leonora Leuschke', 'Sequi fuga repellendus nihil natus reprehenderit. Voluptas voluptatem odio doloribus nesciunt ad voluptas eum delectus. Exercitationem amet porro molestias mollitia eum ratione enim.', 5, '2019-01-01 09:33:43', '2019-01-01 09:33:43'),
	(76, 2, 'Ruth Legros', 'Ut facilis minus reiciendis aut. Rerum eius inventore et dolorem. Ut magni voluptate velit molestiae beatae laudantium.', 0, '2019-01-01 09:33:43', '2019-01-01 09:33:43'),
	(77, 100, 'Prof. Lucinda Cruickshank Jr.', 'Dicta numquam quia sit dolorem suscipit dignissimos sequi. Quam quia est culpa ab. Assumenda sed velit distinctio dolorem atque. Consequatur libero dicta aperiam nihil voluptas labore.', 2, '2019-01-01 09:33:43', '2019-01-01 09:33:43'),
	(78, 12, 'Dr. Vicenta Walter DDS', 'Et eos et est nesciunt quia. Repellat laudantium quis non. Quos omnis velit consequatur minus. Perspiciatis in repudiandae error voluptatem laboriosam.', 5, '2019-01-01 09:33:43', '2019-01-01 09:33:43'),
	(79, 19, 'Miss Eulalia Beer IV', 'Odit quibusdam aliquid odit blanditiis aperiam voluptate amet. Aut ut nihil pariatur ullam. Ut illum omnis ab aut. Incidunt provident quisquam aut laboriosam modi aut enim.', 0, '2019-01-01 09:33:43', '2019-01-01 09:33:43'),
	(80, 128, 'Dillan Leffler Sr.', 'Laudantium suscipit vitae repellendus sequi. Dolorem saepe necessitatibus voluptates ad iste qui et. Mollitia assumenda laborum sed ab occaecati consequatur. Consequatur beatae iusto nemo ratione.', 3, '2019-01-01 09:33:43', '2019-01-01 09:33:43'),
	(81, 133, 'Miss Harmony Hill MD', 'Est quasi ipsam molestiae sequi sed. Eaque velit quia est veritatis eaque officiis maiores. Placeat sed ab reprehenderit cumque. Doloremque voluptas repellendus quia consequatur fuga voluptatem.', 1, '2019-01-01 09:33:43', '2019-01-01 09:33:43'),
	(82, 69, 'Gerson Ankunding', 'Minus ut amet saepe consequatur maxime aliquam quo. Dolorum illo dicta tempora et. Quae voluptas architecto delectus adipisci pariatur veniam.', 0, '2019-01-01 09:33:43', '2019-01-01 09:33:43'),
	(83, 126, 'Jess Jones', 'Aliquam nobis sequi ab commodi vero aliquid qui aut. Saepe deleniti temporibus dicta explicabo unde nobis aspernatur. Dolores quae in nisi adipisci accusantium hic veritatis.', 0, '2019-01-01 09:33:43', '2019-01-01 09:33:43'),
	(84, 5, 'Peggie Gerhold', 'Ut sed nesciunt alias eligendi. Provident praesentium sed temporibus incidunt velit sit. Doloribus dolor possimus dolores accusantium esse molestiae dolores. Commodi at dolorem laborum cumque.', 0, '2019-01-01 09:33:43', '2019-01-01 09:33:43'),
	(85, 68, 'Ladarius Ruecker', 'Et laborum sunt et velit sed maiores eum. Aut sequi repellat libero atque commodi et id modi. Est saepe harum odit iusto reprehenderit magnam. Sed et fuga nulla labore ea culpa.', 3, '2019-01-01 09:33:43', '2019-01-01 09:33:43'),
	(86, 35, 'Eloisa Hessel', 'Est quis a enim et velit. Officia reiciendis sunt ut ullam nesciunt et sequi. Commodi distinctio non perspiciatis occaecati omnis.', 5, '2019-01-01 09:33:43', '2019-01-01 09:33:43'),
	(87, 19, 'Alisha Gleason', 'Aut nulla aut ratione sunt quia qui cum rerum. Quae ea aperiam dolor dolor tenetur ut. Vel culpa numquam omnis rerum ut nulla. Quisquam omnis architecto expedita molestias qui corporis ullam voluptas.', 0, '2019-01-01 09:33:43', '2019-01-01 09:33:43'),
	(88, 63, 'Merle Leannon', 'Dolores praesentium officia laboriosam. Quibusdam perspiciatis labore cumque. Voluptatem illum sit est.', 5, '2019-01-01 09:33:43', '2019-01-01 09:33:43'),
	(89, 85, 'Alexa Beier', 'Quasi facilis odit porro ut. Necessitatibus rerum harum deleniti. Eos est omnis nobis aut.', 0, '2019-01-01 09:33:43', '2019-01-01 09:33:43'),
	(90, 51, 'Ms. Barbara Keebler', 'Nostrum facere praesentium recusandae qui excepturi. Magni dolore libero sapiente nihil quas et. Aut ut perspiciatis eum consequatur magnam quam.', 2, '2019-01-01 09:33:43', '2019-01-01 09:33:43'),
	(91, 106, 'Chandler Kunde IV', 'Officia et ea doloremque enim quis. Iste dicta harum consequatur quas voluptate. Odit recusandae illo repudiandae beatae asperiores laborum autem. Eaque voluptas facere esse qui.', 1, '2019-01-01 09:33:43', '2019-01-01 09:33:43'),
	(92, 16, 'Clay Stark', 'Aliquid dolorum velit fuga doloribus harum voluptatem. Iure minus optio ea. Qui eius itaque mollitia amet velit deleniti dolore.', 2, '2019-01-01 09:33:43', '2019-01-01 09:33:43'),
	(93, 50, 'Dr. Ezekiel Satterfield', 'Ipsum aperiam ut enim nihil at sint impedit. Deleniti sit ut saepe iusto. Dolorem hic suscipit qui aspernatur est nobis dolores. Asperiores ut exercitationem a sint voluptas.', 2, '2019-01-01 09:33:43', '2019-01-01 09:33:43'),
	(94, 116, 'Prof. Skye Renner', 'Debitis doloribus voluptatem eligendi aut voluptatem earum sunt repellat. Laborum harum laboriosam in nostrum corrupti. Magnam ipsa sint repellat deserunt facere.', 0, '2019-01-01 09:33:43', '2019-01-01 09:33:43'),
	(95, 12, 'Dr. Sarah Bogan', 'Id ut modi labore unde ab. Nobis tempore et sed reiciendis et exercitationem. Et sit magni magnam velit. Est quis laborum nihil repudiandae.', 1, '2019-01-01 09:33:43', '2019-01-01 09:33:43'),
	(96, 36, 'Roel Fisher', 'Eius ea est id non et omnis aspernatur. Libero pariatur sunt tempore quaerat vel. Blanditiis possimus reprehenderit ipsam nesciunt. Quo odio ut nemo dolorum ullam nostrum.', 3, '2019-01-01 09:33:43', '2019-01-01 09:33:43'),
	(97, 138, 'Tod Hirthe', 'Est pariatur sapiente et suscipit dolores veniam. Repellat molestiae tempore aut in qui beatae vitae. Aliquid ad facere impedit aut consequuntur.', 4, '2019-01-01 09:33:43', '2019-01-01 09:33:43'),
	(98, 41, 'Christina Doyle', 'Ipsam reiciendis illo error qui eligendi. Provident atque ratione adipisci neque non et eos soluta. Nihil quia iure dolores placeat.', 0, '2019-01-01 09:33:43', '2019-01-01 09:33:43'),
	(99, 117, 'Brittany Bayer', 'Molestias dignissimos est in dolores eum animi consequatur. Similique quo neque molestiae sapiente.', 0, '2019-01-01 09:33:43', '2019-01-01 09:33:43'),
	(100, 4, 'Horacio Halvorson', 'Adipisci et repellat voluptatum voluptatem. Et sequi suscipit aliquid excepturi autem dolores. Maxime voluptas dolores alias nemo enim ut.', 4, '2019-01-01 09:33:43', '2019-01-01 09:33:43'),
	(101, 139, 'Josh Fadel', 'Quidem aut qui nulla voluptas autem. Vero iusto perspiciatis ad facere pariatur ratione quia. Vel soluta maxime nobis vel.', 3, '2019-01-01 09:33:43', '2019-01-01 09:33:43'),
	(102, 98, 'Angelina Kassulke', 'Sed earum assumenda omnis illum ex quia perspiciatis. Facere illo officiis voluptatibus et iure aut aliquid rem. Aut et nobis ut dolor.', 1, '2019-01-01 09:33:43', '2019-01-01 09:33:43'),
	(103, 53, 'Mr. Stephon Wilderman Jr.', 'Et aspernatur quos officia molestiae enim atque. Earum odio praesentium temporibus deleniti perferendis molestiae aut nulla. In in dolores dolore libero. Debitis harum porro nesciunt qui esse deleniti molestiae.', 2, '2019-01-01 09:33:43', '2019-01-01 09:33:43'),
	(104, 37, 'Daija Armstrong DDS', 'Incidunt et eaque commodi odit et. Hic quia facilis sit est qui est. Eum aut qui quam magnam vitae voluptas. Sint explicabo porro assumenda.', 0, '2019-01-01 09:33:43', '2019-01-01 09:33:43'),
	(105, 116, 'Rollin Bernier', 'Velit beatae tempore porro. Et labore aut velit unde perspiciatis architecto sit. Quis voluptatum delectus dolorem omnis et nostrum. Nulla expedita dolores ea omnis.', 5, '2019-01-01 09:33:43', '2019-01-01 09:33:43'),
	(106, 76, 'Rachael McGlynn', 'Voluptate ab dignissimos iusto officiis dolore vero. Provident et quae et aut quidem consequatur. Consequatur rerum quis rerum eum fugit aspernatur qui alias.', 2, '2019-01-01 09:33:43', '2019-01-01 09:33:43'),
	(107, 62, 'Stuart Schroeder', 'Occaecati expedita est autem inventore. Ad rerum rem ipsa est. Commodi sed eveniet saepe alias quos nihil ut placeat. Ex molestiae cum nam alias nihil.', 0, '2019-01-01 09:33:43', '2019-01-01 09:33:43'),
	(108, 40, 'Clotilde Barrows', 'Aut magni ea enim maiores veniam esse. Accusamus assumenda fugit aut totam aut doloribus recusandae. Aut delectus et libero dolorum earum et. Ut possimus fugit ipsa rerum.', 3, '2019-01-01 09:33:43', '2019-01-01 09:33:43'),
	(109, 36, 'Alexzander Schoen', 'Officiis temporibus nesciunt laboriosam doloremque animi qui libero. Tempore vel occaecati eos molestiae. Aut quia exercitationem adipisci alias. Explicabo perferendis ratione consequatur veniam quia corrupti quas cum.', 1, '2019-01-01 09:33:43', '2019-01-01 09:33:43'),
	(110, 121, 'Fatima Stark', 'Alias aut ipsam quia tenetur mollitia fugit nemo. Est blanditiis fugiat explicabo et laboriosam earum minus. Mollitia eos molestias libero minus reiciendis. Reprehenderit harum minus consequatur aliquam distinctio qui ut.', 2, '2019-01-01 09:33:43', '2019-01-01 09:33:43'),
	(111, 127, 'Barry Ritchie', 'Perferendis voluptas laborum delectus natus autem. Aut explicabo ut mollitia aliquam impedit eligendi fuga et. Mollitia ut unde laborum impedit quia.', 1, '2019-01-01 09:33:43', '2019-01-01 09:33:43'),
	(112, 120, 'Kristin McGlynn', 'Fugit id quaerat et ut commodi. Nihil enim eum id cum similique similique. Suscipit occaecati at quae saepe iste vel. Consequatur repellat consequatur est odio.', 1, '2019-01-01 09:33:43', '2019-01-01 09:33:43'),
	(113, 145, 'Giovanna Waters PhD', 'Odio cupiditate dolorum corrupti deleniti qui dignissimos accusamus. Voluptatem delectus ex illum ipsa voluptas et placeat. Numquam mollitia minima qui ut odit adipisci debitis.', 0, '2019-01-01 09:33:43', '2019-01-01 09:33:43'),
	(114, 111, 'Mrs. Shanie Tillman', 'Voluptatem quia sint est incidunt explicabo omnis. Quia nihil voluptatibus dolorem accusamus minus magni. Aut ea ut sunt odit molestiae.', 1, '2019-01-01 09:33:43', '2019-01-01 09:33:43'),
	(115, 31, 'Brook Bode', 'Sed incidunt asperiores cumque et qui error qui. Rerum quis minima optio dolore debitis. Velit expedita odio rerum quis recusandae dignissimos. Aliquid sunt illo reprehenderit dolor ad voluptates. Ex nisi autem et hic incidunt.', 1, '2019-01-01 09:33:43', '2019-01-01 09:33:43'),
	(116, 3, 'Ruben Bogan', 'Facere accusantium ipsam nisi deleniti aperiam. Eum ut adipisci odit et et. Et velit sed qui expedita nemo aut aut voluptates. Odio sapiente fugit aspernatur optio ipsum qui.', 3, '2019-01-01 09:33:43', '2019-01-01 09:33:43'),
	(117, 129, 'Rahsaan Nicolas', 'Autem atque rerum porro dolorem. Aspernatur sequi ut est praesentium earum est. At est ad quod sint.', 5, '2019-01-01 09:33:43', '2019-01-01 09:33:43'),
	(118, 53, 'Mrs. Deborah Jenkins', 'Beatae quae mollitia enim et voluptatem ad. Doloremque sapiente et qui maxime.', 1, '2019-01-01 09:33:43', '2019-01-01 09:33:43'),
	(119, 56, 'Prof. Amelie Pouros', 'Dolor eveniet ipsa consequatur illum sed quasi fuga. Adipisci rerum qui tempore debitis. Nostrum consequatur a quod quaerat.', 0, '2019-01-01 09:33:43', '2019-01-01 09:33:43'),
	(120, 2, 'Felicity Mayer', 'Aut blanditiis expedita totam et voluptatibus aut odit. Quo nam blanditiis iste voluptas recusandae accusamus exercitationem. Ad commodi voluptas modi sed. Saepe expedita eos distinctio cum.', 4, '2019-01-01 09:33:43', '2019-01-01 09:33:43'),
	(121, 60, 'Dawn Tremblay', 'Explicabo itaque quia sed et. Dolorem dolorem qui eligendi odio. Repellendus et dolorem fugit explicabo ullam.', 3, '2019-01-01 09:33:43', '2019-01-01 09:33:43'),
	(122, 113, 'Mr. Cruz Prohaska', 'Aperiam accusamus rerum rerum quisquam. Non eos explicabo aut. Enim ut et adipisci eaque aut.', 1, '2019-01-01 09:33:43', '2019-01-01 09:33:43'),
	(123, 41, 'Lenora Rowe', 'Sunt ipsam sed odit velit dolorem. Ut earum cupiditate qui quia est et sed explicabo.', 2, '2019-01-01 09:33:43', '2019-01-01 09:33:43'),
	(124, 16, 'Hellen Sipes', 'Iusto atque voluptate harum nostrum rerum harum. Est facilis non dolore iste facere ad. Est sed quis repellat quae fugit.', 3, '2019-01-01 09:33:43', '2019-01-01 09:33:43'),
	(125, 138, 'Curtis Goyette', 'Necessitatibus nulla nihil iure et quas. Est totam et qui eius. Quia perspiciatis repudiandae dolorum eum.', 0, '2019-01-01 09:33:43', '2019-01-01 09:33:43'),
	(126, 33, 'Macy Green', 'Nobis ut et impedit repudiandae odit sequi eligendi. Vitae est aliquid fugiat maxime et.', 0, '2019-01-01 09:33:43', '2019-01-01 09:33:43'),
	(127, 6, 'Mr. Martin Zboncak DDS', 'Reprehenderit dolorum est qui vel porro nesciunt. Suscipit optio saepe necessitatibus molestiae suscipit dolor. Saepe qui quia ea neque. Est quaerat nisi dolores cum ut officia perferendis. Pariatur est eos aliquam similique ut.', 2, '2019-01-01 09:33:43', '2019-01-01 09:33:43'),
	(128, 98, 'Prof. Lavonne Kertzmann', 'Ea rem molestias ut suscipit blanditiis quis. Libero fugiat quam vel temporibus alias. Esse iusto optio enim at quis.', 3, '2019-01-01 09:33:43', '2019-01-01 09:33:43'),
	(129, 35, 'Janae Will', 'Autem suscipit recusandae itaque vel non. Impedit dicta saepe non consequatur. Voluptatem dolorum porro omnis voluptatibus.', 5, '2019-01-01 09:33:43', '2019-01-01 09:33:43'),
	(130, 11, 'Alba Nitzsche DVM', 'Sunt asperiores at ex consequuntur. Esse rerum perspiciatis delectus at rerum eum. Quam ipsum et ad eos molestias et. Voluptatem similique culpa aperiam aut repudiandae eligendi. Id officia et et.', 0, '2019-01-01 09:33:43', '2019-01-01 09:33:43'),
	(131, 44, 'Emmitt O\'Conner', 'Odio est illo atque ut hic quidem. Quasi molestias expedita officiis cum. Modi similique ipsa reiciendis accusantium excepturi optio. Qui laborum voluptas ducimus unde.', 2, '2019-01-01 09:33:43', '2019-01-01 09:33:43'),
	(132, 75, 'Dylan Macejkovic', 'Inventore animi quia nostrum neque similique. Sunt voluptatem pariatur et a. Molestias ut odit tenetur quas sunt non et.', 5, '2019-01-01 09:33:43', '2019-01-01 09:33:43'),
	(133, 56, 'Ms. Emmie Stroman', 'Labore quod in est autem animi qui nisi animi. Quas quas quibusdam aspernatur eligendi. Nobis quibusdam sapiente eius et et. Nihil possimus quos autem eos iste mollitia occaecati fuga.', 4, '2019-01-01 09:33:43', '2019-01-01 09:33:43'),
	(134, 50, 'Kaci Stehr III', 'Omnis quidem nulla quibusdam facere. Veritatis repudiandae velit asperiores sed.', 1, '2019-01-01 09:33:43', '2019-01-01 09:33:43'),
	(135, 11, 'Deja Rice', 'Odit accusantium tempora est aut quia maxime. Tempora maiores rerum consequatur rerum eligendi et voluptas. Velit ipsa nihil vitae.', 1, '2019-01-01 09:33:43', '2019-01-01 09:33:43'),
	(136, 135, 'Cristobal Anderson', 'Et quos non ullam iste et. Voluptatem eveniet porro iure explicabo perferendis ut dolor. Sed sunt accusantium qui commodi quibusdam totam est.', 0, '2019-01-01 09:33:43', '2019-01-01 09:33:43'),
	(137, 104, 'Cornell Lindgren', 'Cumque voluptas reiciendis ipsa aut suscipit. Dolor accusamus enim nisi omnis officiis aspernatur.', 0, '2019-01-01 09:33:43', '2019-01-01 09:33:43'),
	(138, 134, 'Mr. Arnoldo O\'Conner II', 'Dolore veniam ut aspernatur voluptas consequatur tenetur. Voluptates explicabo consequatur sint molestiae. Non alias aliquid enim omnis. Similique aperiam qui distinctio.', 2, '2019-01-01 09:33:43', '2019-01-01 09:33:43'),
	(139, 73, 'Mrs. Hope Lehner PhD', 'Incidunt quae ea vitae suscipit eum ex. Pariatur dolor rerum voluptatem odit molestiae. Autem exercitationem molestias totam hic dolor aut.', 5, '2019-01-01 09:33:43', '2019-01-01 09:33:43'),
	(140, 53, 'Clemens Lindgren II', 'Quia velit sed natus ipsam aperiam. Laudantium voluptas sed rem. Harum eos ut in porro quo.', 5, '2019-01-01 09:33:43', '2019-01-01 09:33:43'),
	(141, 74, 'Mina Hessel', 'Aut quia ab dicta cumque. Rem voluptas expedita voluptas laborum quam qui in. Reiciendis assumenda cumque praesentium quidem ad adipisci.', 4, '2019-01-01 09:33:43', '2019-01-01 09:33:43'),
	(142, 45, 'Maegan Willms', 'Debitis dicta molestiae excepturi. Dolores delectus iusto amet nihil possimus. Asperiores aut odit aut ut accusantium ut.', 0, '2019-01-01 09:33:43', '2019-01-01 09:33:43'),
	(143, 58, 'Bennie Schumm', 'Ut earum molestiae pariatur consequatur. Atque voluptate velit quia vel et maxime. Velit ad et quis natus qui. Nihil ea accusantium nostrum adipisci.', 1, '2019-01-01 09:33:43', '2019-01-01 09:33:43'),
	(144, 103, 'Mr. Arely Emard', 'Voluptatibus corrupti quasi voluptatem reprehenderit velit consectetur totam. Qui voluptas labore rerum voluptas sint consequatur doloremque. Ut doloribus dolore illo explicabo. Sit voluptas ducimus sed voluptate id id.', 4, '2019-01-01 09:33:43', '2019-01-01 09:33:43'),
	(145, 101, 'Tressa Pouros', 'Esse cumque occaecati sequi. Voluptas mollitia modi repellat dolor recusandae dolores modi. Fugit molestiae consequatur ut et sit dolores voluptatibus qui.', 4, '2019-01-01 09:33:43', '2019-01-01 09:33:43'),
	(146, 129, 'Prof. Ardella Shields', 'Laudantium officiis sapiente doloribus est. Aut numquam et sequi reprehenderit quae perspiciatis laborum minima.', 5, '2019-01-01 09:33:43', '2019-01-01 09:33:43'),
	(147, 66, 'Prof. Evan Bechtelar II', 'Qui molestiae aut aliquid aut quidem fuga nobis. Earum ut accusamus molestiae quis. Molestiae et consectetur nobis consequatur. Atque blanditiis et sunt aperiam molestiae saepe quaerat totam.', 5, '2019-01-01 09:33:43', '2019-01-01 09:33:43'),
	(148, 117, 'Courtney Hauck I', 'Nostrum porro error tempora aut. Eaque assumenda mollitia quidem consequatur illo tempore minima. Deleniti est qui vel aperiam.', 2, '2019-01-01 09:33:43', '2019-01-01 09:33:43'),
	(149, 101, 'Otto Fisher', 'Eos aperiam qui natus omnis esse officia. Est officiis aperiam et dignissimos est quia. Voluptas commodi vitae consectetur non non. Officia odit fuga sit dicta.', 3, '2019-01-01 09:33:43', '2019-01-01 09:33:43'),
	(150, 133, 'Lynn Walter', 'Possimus laborum aliquid fugit perspiciatis delectus ullam tempore. Ab corporis aperiam sequi est nulla doloribus. Similique incidunt quam ut corporis animi neque atque.', 0, '2019-01-01 09:33:43', '2019-01-01 09:33:43'),
	(151, 150, 'Althea Bruen', 'Itaque corrupti voluptate officia voluptatem velit eos. Et cum quo praesentium dignissimos repellendus doloribus perferendis. Ducimus voluptatibus est qui ducimus ut. Deserunt doloremque voluptatem at optio.', 4, '2019-01-01 09:33:43', '2019-01-01 09:33:43'),
	(152, 28, 'Michale Osinski', 'Est ea architecto sit sint est qui illo rem. Nisi non dolorem voluptates necessitatibus sit aperiam et. Asperiores alias ut facere maxime assumenda harum.', 1, '2019-01-01 09:33:43', '2019-01-01 09:33:43'),
	(153, 110, 'Mr. Consuelo Collier MD', 'Deserunt nihil nobis voluptatem consequuntur. Earum accusantium nisi ipsum deleniti neque alias aut. Maxime voluptatum aliquid molestiae enim ad consectetur.', 3, '2019-01-01 09:33:43', '2019-01-01 09:33:43'),
	(154, 65, 'Prof. Adell Walker', 'Voluptates non voluptatem rem consequatur consequuntur rerum et. Voluptate repudiandae magni molestiae dolores quaerat. Aperiam asperiores dolorum sit voluptatem.', 3, '2019-01-01 09:33:43', '2019-01-01 09:33:43'),
	(155, 112, 'Mrs. Ayla Shanahan III', 'Impedit et minus hic inventore perferendis repudiandae consequatur. Explicabo maiores ullam porro facilis quas sit debitis maiores. Aut omnis eius incidunt fugiat quaerat dolore voluptatem.', 1, '2019-01-01 09:33:43', '2019-01-01 09:33:43'),
	(156, 102, 'Prof. Lucy Brakus DDS', 'Accusamus reprehenderit reiciendis dolor voluptatibus deleniti ut ducimus. Dolores ullam sunt et sunt repellendus debitis. Temporibus consequuntur libero rem voluptate doloremque tempore. Consequatur est numquam architecto magni adipisci non. Ipsam optio possimus repudiandae illum esse incidunt libero commodi.', 1, '2019-01-01 09:33:43', '2019-01-01 09:33:43'),
	(157, 119, 'Larissa Crooks DVM', 'Et dolore voluptas id omnis dignissimos eos. Nisi sunt pariatur sapiente sapiente quis qui provident numquam. Repellat quis numquam nostrum blanditiis corporis et voluptate. Recusandae eius corrupti quis nulla quo.', 2, '2019-01-01 09:33:43', '2019-01-01 09:33:43'),
	(158, 26, 'Prof. Rupert Flatley', 'Delectus consequatur consequuntur ut deserunt incidunt quibusdam. Sed sequi atque eum iure eaque molestiae. Facilis numquam corporis quasi. Est quis et numquam est. Occaecati id eos modi accusamus.', 0, '2019-01-01 09:33:43', '2019-01-01 09:33:43'),
	(159, 136, 'Erika Davis', 'Accusantium neque ut et maiores sed nulla. Fuga consequuntur non sequi aliquid laudantium est. Quod et repudiandae repellendus eligendi aspernatur ad ad atque.', 4, '2019-01-01 09:33:43', '2019-01-01 09:33:43'),
	(160, 70, 'Hulda O\'Reilly', 'Fuga vel vitae voluptatem vitae. Omnis dolor aliquam id rerum tempora. Eius libero non omnis et ut quidem aut. Et aliquid blanditiis quia nihil qui.', 4, '2019-01-01 09:33:43', '2019-01-01 09:33:43'),
	(161, 112, 'Aniyah Rodriguez Sr.', 'Earum unde deserunt eaque eius tenetur ut. Nesciunt quo reiciendis a. Incidunt ad alias et alias aperiam.', 0, '2019-01-01 09:33:43', '2019-01-01 09:33:43'),
	(162, 127, 'Emerald Howe MD', 'Fugiat aspernatur quisquam illo quia sapiente dicta qui. Enim voluptate aperiam adipisci eos. Aut aut corrupti qui quia accusamus.', 0, '2019-01-01 09:33:43', '2019-01-01 09:33:43'),
	(163, 45, 'Ms. Casandra Hermann', 'Ratione dicta eveniet est vel quia soluta est. Recusandae modi qui alias. Odio eos corrupti ipsa veniam. Dolorum minima totam debitis.', 1, '2019-01-01 09:33:43', '2019-01-01 09:33:43'),
	(164, 65, 'Prof. Helene Collins II', 'Veniam harum sunt sunt quia totam iste. Nisi et itaque dolorem et laudantium illum voluptatem. Placeat in rerum ea sint. Ea veritatis quod expedita accusantium labore. Ut quae eligendi similique consequuntur qui ipsum.', 1, '2019-01-01 09:33:43', '2019-01-01 09:33:43'),
	(165, 42, 'Edgar Lynch', 'Qui atque atque ullam et. Consequatur sed aut ut hic et quia. Eos optio non facere nostrum architecto eaque ipsam. Officiis ducimus provident suscipit et inventore quisquam aut.', 2, '2019-01-01 09:33:43', '2019-01-01 09:33:43'),
	(166, 16, 'Dr. Grant O\'Keefe', 'Vel aut ea sit doloribus. Consequuntur blanditiis repudiandae labore est ut tenetur. Qui quibusdam odio alias in. Et quia temporibus mollitia rem quaerat dignissimos.', 5, '2019-01-01 09:33:43', '2019-01-01 09:33:43'),
	(167, 37, 'Dr. Vern Harris', 'Ut sint eos nulla dolor. Mollitia eos culpa perspiciatis. Expedita error dicta quia et eos qui incidunt.', 1, '2019-01-01 09:33:43', '2019-01-01 09:33:43'),
	(168, 148, 'Holden Denesik I', 'Quis qui id fugit totam maxime hic non. Blanditiis vel autem facilis natus voluptates eum illo voluptatem. Consequatur et ea sint quae ut voluptate. Quasi id quia voluptas natus corporis quis qui ut.', 2, '2019-01-01 09:33:43', '2019-01-01 09:33:43'),
	(169, 87, 'Jaeden Bogan', 'Et dignissimos occaecati similique distinctio. Sed laboriosam et quos accusamus odio aut cumque beatae. Mollitia repudiandae eveniet nisi vel optio non et autem. Fugit nemo odio tempora labore nihil quia provident vel.', 5, '2019-01-01 09:33:43', '2019-01-01 09:33:43'),
	(170, 29, 'Eulah Block', 'Animi est quos eum. Natus aut dolorem molestias. Excepturi delectus beatae aut. Aut nam dicta optio nostrum atque possimus.', 4, '2019-01-01 09:33:43', '2019-01-01 09:33:43'),
	(171, 106, 'Dr. Alexys Upton', 'Voluptas recusandae quia architecto et quibusdam est. Voluptatibus ut illum minima eligendi. Ut voluptatem pariatur voluptates aliquam.', 2, '2019-01-01 09:33:43', '2019-01-01 09:33:43'),
	(172, 18, 'Norberto Johns', 'Facere eligendi sunt iure hic inventore deleniti aut id. Earum maxime temporibus ut iusto rerum vel aperiam quam. Enim sed iste dicta odio. Perspiciatis natus esse numquam aut provident.', 4, '2019-01-01 09:33:43', '2019-01-01 09:33:43'),
	(173, 139, 'Rubye Veum IV', 'Enim velit praesentium magni amet. Ut ea voluptates perferendis odit ad iste vel. Odio nihil id soluta ipsa aliquid rerum omnis. Atque omnis inventore sequi veritatis quidem perspiciatis maxime aspernatur.', 2, '2019-01-01 09:33:43', '2019-01-01 09:33:43'),
	(174, 65, 'Derrick Kling', 'Consequatur fugiat voluptates aut nihil. Facilis ea placeat omnis fugit minus consectetur repudiandae.', 5, '2019-01-01 09:33:43', '2019-01-01 09:33:43'),
	(175, 59, 'Porter Smith', 'Cum autem temporibus dignissimos. Et repellendus in est. Voluptatem dolores facere odit ut quia omnis. Corporis esse ad iusto est optio quo. Eum iste enim accusantium et.', 3, '2019-01-01 09:33:43', '2019-01-01 09:33:43'),
	(176, 22, 'Ms. Ilene Murray DDS', 'Corrupti minus omnis quibusdam. Earum dolores quae optio commodi. Ex corporis autem sit commodi dolores. Culpa nulla voluptas sapiente pariatur omnis veritatis.', 0, '2019-01-01 09:33:43', '2019-01-01 09:33:43'),
	(177, 10, 'Mr. Noble Auer V', 'Et et expedita et et iure non est. Delectus quaerat aut ab dolor iste aut ratione ratione. Reiciendis reiciendis at similique rerum voluptas recusandae consectetur debitis. Deserunt molestias rerum ea numquam aut.', 3, '2019-01-01 09:33:43', '2019-01-01 09:33:43'),
	(178, 63, 'Rae Rutherford', 'Nobis consequatur alias consequatur quas magni. Aut ipsam excepturi quasi sit eaque. Iusto sit qui soluta cupiditate rerum qui voluptatem. Esse eos illum delectus.', 5, '2019-01-01 09:33:43', '2019-01-01 09:33:43'),
	(179, 90, 'Loyal Johnson', 'Reprehenderit error assumenda voluptatem. Aliquid consectetur sed et ipsam sit autem. Tempora qui culpa odio quia quibusdam.', 0, '2019-01-01 09:33:43', '2019-01-01 09:33:43'),
	(180, 84, 'Winston Orn', 'Et sed aut voluptatem eos illum inventore ea. Excepturi nam sunt reprehenderit quidem et.', 5, '2019-01-01 09:33:43', '2019-01-01 09:33:43'),
	(181, 22, 'Korbin Hermann', 'Repudiandae necessitatibus nihil id delectus. Eius sed culpa quibusdam voluptatem aliquam. Excepturi eos eos cupiditate. Illum consequatur animi quod modi minus.', 5, '2019-01-01 09:33:43', '2019-01-01 09:33:43'),
	(182, 128, 'Mrs. Duane Roob MD', 'Eos voluptatem qui et quidem officia voluptatibus eos. Earum laborum aut quia. Est vero totam voluptatem iusto quidem ratione.', 4, '2019-01-01 09:33:43', '2019-01-01 09:33:43'),
	(183, 57, 'Prof. Jaqueline D\'Amore', 'Dolor nulla tempore vitae ducimus laudantium perferendis velit labore. Exercitationem sed voluptatem quos sed at mollitia. Et voluptatum tempora adipisci hic quasi enim. Ducimus qui magni maiores velit soluta et ratione.', 4, '2019-01-01 09:33:43', '2019-01-01 09:33:43'),
	(184, 2, 'Mr. Mauricio Towne II', 'Dolor repudiandae amet quidem et ex. Est deserunt consequatur dolore praesentium voluptatem. Accusamus corporis molestiae iure labore aspernatur ipsum veritatis.', 0, '2019-01-01 09:33:43', '2019-01-01 09:33:43'),
	(185, 49, 'Marcos Ondricka', 'Omnis adipisci consequuntur explicabo non maxime eveniet iusto praesentium. Harum voluptas quidem in nemo qui.', 1, '2019-01-01 09:33:43', '2019-01-01 09:33:43'),
	(186, 149, 'Dr. Francis Schuppe', 'Id possimus corporis quidem rem voluptatem. Occaecati voluptas maxime sunt. Et qui placeat inventore error molestiae cupiditate ut odio. Quae dolorem dolore est qui.', 5, '2019-01-01 09:33:43', '2019-01-01 09:33:43'),
	(187, 132, 'Andrew Huels', 'Voluptatum unde fugiat velit. Quis ratione natus tenetur quia iure tempore occaecati tempora. Nihil aut necessitatibus voluptas voluptate natus repellat sunt. Consequatur aut quae harum deserunt dignissimos.', 5, '2019-01-01 09:33:43', '2019-01-01 09:33:43'),
	(188, 105, 'Rebeka Ziemann DVM', 'Incidunt eos laborum dolor explicabo. Fugiat quasi minima maiores libero iusto doloremque illum. Unde enim voluptates delectus quae unde animi. Unde eligendi dolor reprehenderit aspernatur quos non.', 3, '2019-01-01 09:33:43', '2019-01-01 09:33:43'),
	(189, 31, 'Dr. Vilma Pacocha', 'Libero quia nulla amet unde rerum. Possimus quo placeat ut sed eum. Dignissimos commodi dolor quas neque ea earum.', 1, '2019-01-01 09:33:43', '2019-01-01 09:33:43'),
	(190, 111, 'Wilton Greenfelder', 'Exercitationem quibusdam ea quod consequuntur voluptatem aperiam. Odit quia atque id illum. Fugiat voluptate ducimus labore excepturi. Sunt modi quas voluptatem dicta qui.', 0, '2019-01-01 09:33:43', '2019-01-01 09:33:43'),
	(191, 74, 'Gage Borer', 'Adipisci officiis ullam temporibus voluptas quas nesciunt fuga. Est sed sequi sit totam minus voluptatem vel qui. Distinctio dolores harum molestias velit cumque. Ea quos ipsum distinctio rem dolores nesciunt. Id mollitia voluptate nesciunt rerum sit esse.', 0, '2019-01-01 09:33:43', '2019-01-01 09:33:43'),
	(192, 133, 'Jody Schmitt', 'Inventore cupiditate numquam perspiciatis pariatur mollitia quia nisi. Voluptate dolores eaque eum vero. Magni deserunt omnis eos vitae rem. Veritatis ea qui rem debitis molestiae enim mollitia.', 5, '2019-01-01 09:33:43', '2019-01-01 09:33:43'),
	(193, 50, 'Pascale Hand', 'Consequuntur minima ipsam sint enim repellendus in omnis. Delectus dolore sit sunt iusto in. Itaque id neque odio necessitatibus non qui.', 2, '2019-01-01 09:33:43', '2019-01-01 09:33:43'),
	(194, 28, 'Ms. Abagail Kutch', 'Illum soluta porro cupiditate et incidunt libero repudiandae. Saepe at mollitia commodi vero a. Eum totam quos et.', 5, '2019-01-01 09:33:43', '2019-01-01 09:33:43'),
	(195, 42, 'Deron Hackett', 'Ad ut sit veritatis maxime. Quia ut tempora soluta totam molestiae neque dolore. Quia veritatis eaque velit nesciunt dolores architecto fuga. Iure veniam quas aut eum est.', 5, '2019-01-01 09:33:43', '2019-01-01 09:33:43'),
	(196, 8, 'Miss Hellen Kihn', 'Velit itaque rerum laborum quidem. Ad blanditiis omnis in tenetur aut. Iure consectetur hic aut totam facere harum.', 2, '2019-01-01 09:33:43', '2019-01-01 09:33:43'),
	(197, 133, 'Mr. Cleveland Lehner', 'Nostrum eius quisquam consequuntur dolores ullam. Veniam corporis dicta velit distinctio. Aut quia accusantium rerum dolores velit molestiae aperiam nihil.', 3, '2019-01-01 09:33:43', '2019-01-01 09:33:43'),
	(198, 130, 'Miss Stacey Heidenreich PhD', 'Mollitia odio et accusantium reiciendis dolores consequatur. Asperiores et dolorem fugiat molestiae tempore est sunt. Molestiae dolor laboriosam expedita quas. Veritatis consequuntur inventore rerum et voluptatem.', 0, '2019-01-01 09:33:43', '2019-01-01 09:33:43'),
	(199, 126, 'Prof. Yesenia Leuschke MD', 'Est odio fugiat sint porro eum qui esse. Doloribus quasi quibusdam sed ut.', 1, '2019-01-01 09:33:43', '2019-01-01 09:33:43'),
	(200, 58, 'Cleora Morissette', 'Aspernatur esse a ipsa quo et. Debitis optio quae qui similique consectetur.', 2, '2019-01-01 09:33:43', '2019-01-01 09:33:43'),
	(201, 2, 'Prof. Bartholome Cormier', 'Aut ut magnam est pariatur pariatur. Quo nisi perferendis dolorem. Inventore repellendus consectetur dolores occaecati eaque. Explicabo placeat sit hic inventore qui.', 5, '2019-01-01 09:33:43', '2019-01-01 09:33:43'),
	(202, 43, 'Josefina Lang', 'Minima architecto laborum dolorem iste. Dolorem quo suscipit quisquam animi ducimus. Quam et ipsum beatae sint est voluptas culpa neque.', 2, '2019-01-01 09:33:43', '2019-01-01 09:33:43'),
	(203, 69, 'Mr. Darrion Gislason III', 'Aut odio in quos porro aut. Quo tempore assumenda qui. Officiis itaque labore rem.', 5, '2019-01-01 09:33:43', '2019-01-01 09:33:43'),
	(204, 80, 'Ena Legros', 'Assumenda accusamus ut explicabo laboriosam quam. Delectus fugit commodi adipisci fugit est earum. Minus in unde perspiciatis facere quis sunt natus. Est ab neque qui et ut.', 4, '2019-01-01 09:33:43', '2019-01-01 09:33:43'),
	(205, 7, 'Prof. Jordon Weimann IV', 'Molestiae quia et quia qui quas. Qui saepe porro dolorem in et aut velit enim. Qui quo totam vel corporis sunt nulla assumenda. Tempora distinctio dolorem dolor voluptatem dolores.', 0, '2019-01-01 09:33:43', '2019-01-01 09:33:43'),
	(206, 6, 'Dr. Kristina Hackett V', 'Est quia est sapiente. Est est est a. Consequatur facere a laudantium incidunt.', 3, '2019-01-01 09:33:43', '2019-01-01 09:33:43'),
	(207, 71, 'Mr. Horace Rippin DDS', 'Impedit quis explicabo eius sit esse est. Unde eveniet est eveniet praesentium. Sed asperiores aut qui molestiae animi. Dignissimos consequuntur est quaerat velit quo dicta est.', 5, '2019-01-01 09:33:43', '2019-01-01 09:33:43'),
	(208, 133, 'Freeda Balistreri', 'Sint exercitationem et quo maiores vel. Qui cumque necessitatibus voluptas autem molestias porro minima. Ut et et sit inventore. Est quibusdam repellat velit et modi non quo.', 4, '2019-01-01 09:33:43', '2019-01-01 09:33:43'),
	(209, 46, 'Prof. Estefania Conroy IV', 'In asperiores adipisci minus aut. Facere est nihil velit sequi ipsum qui quos. Sit consequatur ab nobis enim. Impedit nostrum aperiam laboriosam aperiam.', 0, '2019-01-01 09:33:43', '2019-01-01 09:33:43'),
	(210, 17, 'Ewell Medhurst', 'Expedita odio ut odio in ullam aperiam. Repellendus quas et molestiae et autem tenetur ut. Sapiente aut eaque sunt iste. Hic molestiae quia vel quae.', 3, '2019-01-01 09:33:43', '2019-01-01 09:33:43'),
	(211, 81, 'Carolyn Ferry', 'Laudantium in sunt cumque placeat et. Exercitationem qui est nulla atque ab deleniti aut. Consectetur at et occaecati sunt quaerat. Ullam non fuga perspiciatis quaerat.', 0, '2019-01-01 09:33:43', '2019-01-01 09:33:43'),
	(212, 1, 'Ms. Kacie Ferry', 'Nihil ut aperiam provident dolor dicta et. Recusandae explicabo aliquam sit et dolores. Alias in dicta sed eos voluptas.', 3, '2019-01-01 09:33:43', '2019-01-01 09:33:43'),
	(213, 119, 'Leda Walsh', 'Numquam est quia corrupti cum eos voluptatibus. Error consequatur corporis ea distinctio quo laudantium temporibus quia. Cum accusamus qui quasi cum ullam. Est eos fugit maiores omnis perspiciatis.', 5, '2019-01-01 09:33:43', '2019-01-01 09:33:43'),
	(214, 13, 'Dr. Richmond Nicolas MD', 'Eveniet culpa laborum asperiores commodi et vel minima. Autem sit recusandae accusantium exercitationem sequi facilis.', 4, '2019-01-01 09:33:43', '2019-01-01 09:33:43'),
	(215, 122, 'Prof. Princess Lakin Sr.', 'Adipisci unde tempora esse sapiente est. Autem nemo iusto harum ut ut nesciunt. Adipisci id commodi ut eum facere placeat.', 5, '2019-01-01 09:33:43', '2019-01-01 09:33:43'),
	(216, 145, 'Miss Keely Roberts', 'Nisi est accusantium et non. Inventore amet quia molestiae ab et molestiae ex. Inventore ratione omnis id aspernatur quae doloribus optio.', 1, '2019-01-01 09:33:43', '2019-01-01 09:33:43'),
	(217, 138, 'Dr. Jayden Gerhold Jr.', 'Commodi fuga est et ipsa qui. Sequi alias reiciendis exercitationem. Ea officiis omnis ut.', 5, '2019-01-01 09:33:43', '2019-01-01 09:33:43'),
	(218, 128, 'Magdalen Emmerich II', 'Quas aliquam aut debitis repellat dolorem. Magni et quis id eveniet eum. Dolorem nobis nihil sit dolores nisi deserunt magni voluptas. Voluptate quia distinctio est aut odio voluptatem.', 2, '2019-01-01 09:33:43', '2019-01-01 09:33:43'),
	(219, 129, 'Prof. Marlee Grimes', 'Non laudantium sunt alias eligendi nobis optio. Sit quos rerum fuga maxime totam aliquid. Vero ea voluptatem qui.', 3, '2019-01-01 09:33:43', '2019-01-01 09:33:43'),
	(220, 127, 'Susie Collier', 'Aut magni cupiditate beatae. Nesciunt rerum nemo laudantium voluptate. Vel eaque aut quia pariatur ut. Deleniti eaque recusandae laudantium.', 4, '2019-01-01 09:33:43', '2019-01-01 09:33:43'),
	(221, 134, 'Dr. Maryam Gulgowski DVM', 'Unde quasi inventore ut unde itaque cupiditate rerum. Exercitationem voluptas in aliquid. Aut atque dolores quisquam ex. Rem eius commodi corrupti aliquid quo consequatur.', 3, '2019-01-01 09:33:43', '2019-01-01 09:33:43'),
	(222, 117, 'Okey Cole', 'Debitis explicabo est maxime sit. Ea aut temporibus doloribus voluptas. Occaecati quo et dolorum odio explicabo.', 4, '2019-01-01 09:33:43', '2019-01-01 09:33:43'),
	(223, 83, 'Rhoda Runolfsdottir V', 'Nihil aliquid autem dolores quas sunt similique et. Cupiditate autem enim nobis debitis fugiat. Illum iure quaerat in earum. Inventore porro quo sed cumque nesciunt.', 1, '2019-01-01 09:33:43', '2019-01-01 09:33:43'),
	(224, 127, 'Bailee Shanahan', 'Sed eum cupiditate quas dicta neque. Quia pariatur ut voluptate neque sint. Atque pariatur velit id voluptas ex illum qui. Deleniti qui qui nulla doloribus sed provident. Quo aut mollitia quasi quo praesentium facere vel quas.', 5, '2019-01-01 09:33:43', '2019-01-01 09:33:43'),
	(225, 47, 'Felicita Aufderhar', 'Distinctio voluptas asperiores aliquid. Magni voluptatibus repudiandae minima non illum tempore. Nemo dicta adipisci nihil in et et soluta. Dolorum qui sed ipsam et. Quo blanditiis dicta voluptatem in sit illum unde enim.', 4, '2019-01-01 09:33:43', '2019-01-01 09:33:43'),
	(226, 137, 'Jerrell Lueilwitz', 'Magnam sunt quam beatae consequatur quasi aut id. Occaecati fugit quibusdam rerum blanditiis. Inventore sunt sunt quis hic.', 5, '2019-01-01 09:33:43', '2019-01-01 09:33:43'),
	(227, 80, 'Vanessa Goodwin MD', 'Voluptatem dolore illum consequatur ut quod qui est occaecati. Ut nemo facilis dolor sed ducimus. Dignissimos numquam consectetur ut amet impedit sed consequuntur. Porro est fugit numquam delectus dolores non hic.', 5, '2019-01-01 09:33:43', '2019-01-01 09:33:43'),
	(228, 65, 'Boris Hammes', 'Iste exercitationem neque possimus quaerat similique tenetur. Saepe dolores aut ut ea qui. Impedit eligendi et sunt exercitationem. Veniam eius in blanditiis magni voluptatibus a veniam. Consequatur nemo non dolorum non perferendis assumenda.', 4, '2019-01-01 09:33:43', '2019-01-01 09:33:43'),
	(229, 131, 'Dortha Kulas', 'Et qui aut accusamus voluptatem itaque suscipit nesciunt. Optio corrupti iure at atque molestiae veritatis. Delectus sed minima non aliquid.', 1, '2019-01-01 09:33:43', '2019-01-01 09:33:43'),
	(230, 90, 'Felipe Hand', 'Vel exercitationem quasi enim architecto. Voluptatem voluptate quibusdam doloribus amet. Dignissimos culpa rerum quam dolorem fuga distinctio et hic. Rerum earum et velit voluptatibus molestiae repellat.', 2, '2019-01-01 09:33:43', '2019-01-01 09:33:43'),
	(231, 114, 'Abigail Cormier', 'Voluptatem et minus voluptates. Quia vel est aut illo et tempore. Illum voluptatem nemo dicta. Et vel excepturi aut quas nesciunt nihil.', 3, '2019-01-01 09:33:43', '2019-01-01 09:33:43'),
	(232, 23, 'Daisha Ondricka', 'Deleniti nemo deleniti eligendi voluptas consectetur. Sit delectus occaecati quo esse dolorum vel magni. Quae porro et voluptatem. Harum iste dolores laudantium est.', 2, '2019-01-01 09:33:43', '2019-01-01 09:33:43'),
	(233, 29, 'Arlo Powlowski', 'Nemo reprehenderit et libero ea. Quo magnam dolores ab ea sint. Iure ea ea nihil aliquam et error consequatur nihil.', 3, '2019-01-01 09:33:43', '2019-01-01 09:33:43'),
	(234, 80, 'Raven Crooks DVM', 'In debitis et voluptatem similique. Fugit quos alias quod ducimus maiores. Atque quod et in incidunt ratione quod vel.', 5, '2019-01-01 09:33:43', '2019-01-01 09:33:43'),
	(235, 93, 'Roy Ankunding Sr.', 'Quia autem voluptatem officia rerum quibusdam magnam aliquid. Cupiditate placeat est nulla tenetur et quia. Omnis et odio consequatur doloribus sit. Sit sit itaque tempore veniam vitae sapiente qui.', 2, '2019-01-01 09:33:43', '2019-01-01 09:33:43'),
	(236, 23, 'Mrs. Leonora Stiedemann PhD', 'Officiis blanditiis dolores laborum dolore velit a voluptates. Voluptatum qui magnam ea.', 0, '2019-01-01 09:33:43', '2019-01-01 09:33:43'),
	(237, 112, 'Marcus Kirlin', 'Aut corporis nostrum aut sapiente dolor consequatur dolorum. Non voluptas quas animi rerum velit aperiam debitis amet. Libero accusantium sit quod. Error harum quibusdam in non. Tenetur eum sit voluptatem est vitae qui.', 1, '2019-01-01 09:33:43', '2019-01-01 09:33:43'),
	(238, 39, 'Serena Jenkins', 'Eum sequi nulla aut est incidunt deleniti. Inventore dolorem nihil eum saepe facere fugit at fugiat. Modi molestias modi dignissimos debitis.', 5, '2019-01-01 09:33:43', '2019-01-01 09:33:43'),
	(239, 1, 'Lauriane Bins Sr.', 'Qui magnam unde non dolor. Autem quidem temporibus modi incidunt sunt aut. Perferendis aut cumque quia dicta sunt.', 0, '2019-01-01 09:33:43', '2019-01-01 09:33:43'),
	(240, 68, 'Mr. Robert Harber', 'Omnis ut aut et distinctio. Consequatur sint ipsam minima sapiente alias aliquid. Omnis eos dolor quo odio in molestiae et.', 4, '2019-01-01 09:33:43', '2019-01-01 09:33:43'),
	(241, 136, 'Nils Schuster', 'Repellat doloremque nemo aut placeat eligendi. Non et itaque porro.', 0, '2019-01-01 09:33:43', '2019-01-01 09:33:43'),
	(242, 141, 'Carley Metz', 'Quia culpa vero vero dicta aperiam. Esse aliquid voluptatem nisi quas quia. Quasi ratione aut velit. Praesentium quaerat tempora quia nihil culpa officiis ea.', 2, '2019-01-01 09:33:43', '2019-01-01 09:33:43'),
	(243, 128, 'Mr. Bernardo Mills', 'Quas quisquam earum amet praesentium. Voluptate soluta quis suscipit voluptas. Dolore id rerum quod tempora nesciunt.', 0, '2019-01-01 09:33:43', '2019-01-01 09:33:43'),
	(244, 25, 'Adrain Gleason', 'Sapiente praesentium est cum voluptas natus laboriosam. Harum similique quam pariatur aut dolorem consectetur. Reiciendis et minima nihil temporibus ut doloribus quibusdam nesciunt.', 1, '2019-01-01 09:33:43', '2019-01-01 09:33:43'),
	(245, 35, 'Rowan Toy', 'Porro iusto odio harum amet eligendi dolorem quibusdam. Quam ab natus ea et. Et consequatur excepturi laboriosam quam eum. Officiis consequatur quaerat soluta officia velit odit molestiae.', 0, '2019-01-01 09:33:43', '2019-01-01 09:33:43'),
	(246, 62, 'Ariane Smitham', 'A exercitationem omnis amet enim culpa delectus maxime amet. Explicabo enim doloremque sint tenetur aliquam aspernatur. Optio ea fugit suscipit qui nihil. Quia voluptates consequatur nihil a.', 3, '2019-01-01 09:33:43', '2019-01-01 09:33:43'),
	(247, 48, 'Sasha Smith', 'Est laboriosam aspernatur quaerat sint. Eum officiis autem ut doloribus voluptate quibusdam quia. Sed suscipit neque facilis qui.', 0, '2019-01-01 09:33:43', '2019-01-01 09:33:43'),
	(248, 110, 'Imogene Hyatt', 'Animi consectetur et aut autem molestiae in et. Cumque aut aut iure necessitatibus. Harum repellat mollitia optio. Tempora laboriosam fugit est aperiam iure deserunt.', 0, '2019-01-01 09:33:43', '2019-01-01 09:33:43'),
	(249, 21, 'Dr. Myles Corkery DDS', 'Nemo vitae reprehenderit quo sequi sed. Voluptatem animi aut voluptate numquam. Ea aut et accusantium tempore eaque. Est aut est nihil eaque iure consequatur.', 5, '2019-01-01 09:33:43', '2019-01-01 09:33:43'),
	(250, 64, 'Ms. Patricia Greenfelder', 'Voluptatem sunt quibusdam sed impedit qui. Quae ut aliquam laborum ut velit neque.', 3, '2019-01-01 09:33:43', '2019-01-01 09:33:43'),
	(251, 96, 'America Rice Jr.', 'Nobis ea eveniet in sit et. Ea ut autem autem vel. Cumque at atque qui tempora commodi tenetur minus. Similique eaque aut consequatur.', 2, '2019-01-01 09:33:43', '2019-01-01 09:33:43'),
	(252, 126, 'Dorian Raynor', 'Voluptate reiciendis fugit veritatis rem nobis dolorem. Quia enim necessitatibus officia sunt ducimus. Voluptas excepturi libero reiciendis est praesentium ut.', 4, '2019-01-01 09:33:43', '2019-01-01 09:33:43'),
	(253, 107, 'Sigrid Runolfsdottir', 'Omnis dolorem qui mollitia porro architecto. Nemo voluptatem veritatis reiciendis et porro natus velit. Iusto ut et possimus molestiae hic quaerat non est.', 0, '2019-01-01 09:33:43', '2019-01-01 09:33:43'),
	(254, 39, 'Mrs. Kendra Hayes', 'Suscipit est sunt perferendis numquam numquam illum eius recusandae. Laboriosam porro officia incidunt nostrum. Architecto beatae fuga deleniti qui adipisci voluptatem.', 0, '2019-01-01 09:33:43', '2019-01-01 09:33:43'),
	(255, 45, 'Leone Yundt I', 'Fugiat quaerat impedit ullam corporis. Dolor qui incidunt optio porro soluta. Atque tempora ipsum dolor voluptatem consequatur.', 3, '2019-01-01 09:33:43', '2019-01-01 09:33:43'),
	(256, 42, 'Ms. Adella Simonis V', 'Eum omnis et qui voluptatem doloribus ullam sunt. Laudantium nulla corporis expedita eaque assumenda. Ipsum consectetur at expedita ea autem earum repellat. Voluptas architecto et non. Dicta tempore nostrum ullam.', 3, '2019-01-01 09:33:43', '2019-01-01 09:33:43'),
	(257, 97, 'Miss Fanny Goyette I', 'Debitis illum et temporibus repudiandae. Optio nobis id architecto distinctio expedita sunt ab beatae. Ut neque cumque provident illum et. Et in quo et.', 4, '2019-01-01 09:33:43', '2019-01-01 09:33:43'),
	(258, 100, 'Prof. Christophe Wiegand', 'Sit dolores expedita eaque et. Exercitationem officiis sequi ipsa aspernatur magnam ut. Dolores vel ut quos quo eos modi et.', 1, '2019-01-01 09:33:43', '2019-01-01 09:33:43'),
	(259, 118, 'Philip Corkery', 'Quibusdam occaecati voluptatem dolore neque est fugiat. Ipsum cumque vel laudantium quis maxime. Maiores consequatur saepe quisquam.', 1, '2019-01-01 09:33:43', '2019-01-01 09:33:43'),
	(260, 1, 'Carmel Bradtke I', 'Aperiam quia dolor ut illo sed qui. Est nobis sed facilis harum. Aut sunt voluptates optio cumque dolores.', 5, '2019-01-01 09:33:43', '2019-01-01 09:33:43'),
	(261, 15, 'Esther Bode I', 'Molestiae accusantium nihil eaque voluptates id qui. Quidem enim et et voluptates et porro eligendi. In et nemo et ea. Sequi reiciendis eveniet debitis iure quia.', 1, '2019-01-01 09:33:43', '2019-01-01 09:33:43'),
	(262, 109, 'Muhammad Hammes', 'Commodi voluptatem ipsum repellendus natus sit. Odit aut officia aut voluptatum velit vero odio. Itaque ut ut soluta. Aspernatur tempore id nemo aut. Cupiditate rem dolor quisquam error rem voluptates.', 3, '2019-01-01 09:33:43', '2019-01-01 09:33:43'),
	(263, 143, 'Natasha Kautzer', 'Est recusandae dolor recusandae ut. Voluptas quis blanditiis accusamus nisi officia aut vel.', 3, '2019-01-01 09:33:43', '2019-01-01 09:33:43'),
	(264, 123, 'Emmie Ritchie I', 'Ducimus molestiae pariatur optio et. Ex dolorem dolor ut laborum est dolore corporis. Aut sit ipsam ad at in dignissimos.', 1, '2019-01-01 09:33:43', '2019-01-01 09:33:43'),
	(265, 105, 'Jena Metz', 'Vel occaecati ratione repellat voluptate natus voluptatibus. Sed occaecati voluptatem non. Pariatur minima ut soluta magni nisi. Velit est assumenda dolorem sequi eligendi iusto.', 1, '2019-01-01 09:33:43', '2019-01-01 09:33:43'),
	(266, 91, 'Asia Reichert', 'Sit sed maiores et. Deleniti deleniti dicta est libero ex reiciendis rem. Vel nostrum incidunt reprehenderit veritatis et voluptatem. Itaque ut consequatur repellendus sed perferendis.', 1, '2019-01-01 09:33:43', '2019-01-01 09:33:43'),
	(267, 128, 'Ms. Jermaine Goodwin', 'Id perferendis ab non. Atque quia cumque magni odit qui. Qui eum id sapiente omnis officia ipsum. Voluptatibus repudiandae dolorem nihil asperiores cum adipisci libero.', 2, '2019-01-01 09:33:43', '2019-01-01 09:33:43'),
	(268, 136, 'Prof. Virgie Kuhic', 'Voluptatum ipsam pariatur labore et eos quidem facere iure. Illo delectus consequuntur deserunt sint nulla. Sit soluta at explicabo sit quis.', 3, '2019-01-01 09:33:43', '2019-01-01 09:33:43'),
	(269, 6, 'Ethyl Fadel', 'Dolores totam iusto dolorem quia consequatur dolores. Est nesciunt aut optio ut fuga quia. Doloribus mollitia ut illum et eaque hic. Veritatis et necessitatibus voluptatem explicabo dolorem.', 0, '2019-01-01 09:33:43', '2019-01-01 09:33:43'),
	(270, 122, 'Maye Welch', 'Minima explicabo rerum corporis. Quam exercitationem similique voluptatum et. Dicta molestiae sed et sint ratione delectus dicta alias. Officiis accusamus ex ipsum.', 4, '2019-01-01 09:33:43', '2019-01-01 09:33:43'),
	(271, 142, 'Destin Hayes', 'Dolorem quas error dolores consequuntur enim quia perspiciatis. Eum in tempore debitis explicabo cum.', 5, '2019-01-01 09:33:43', '2019-01-01 09:33:43'),
	(272, 19, 'Jettie Pouros', 'Quod omnis qui aspernatur dolorum. Et molestiae quo dolor facere blanditiis id. Reprehenderit qui quibusdam eligendi quaerat architecto.', 3, '2019-01-01 09:33:43', '2019-01-01 09:33:43'),
	(273, 77, 'Lexie Grant', 'Atque sit velit adipisci nihil eos amet. Ea odit ex et numquam. Id qui ut et voluptas qui. Earum consequuntur eos in perferendis perferendis.', 5, '2019-01-01 09:33:43', '2019-01-01 09:33:43'),
	(274, 96, 'Germaine Lakin', 'Iusto aliquid consectetur vel. Reprehenderit est ab dolor ut praesentium doloremque nesciunt. Id iure autem est sunt. Id dolorem dolorem deleniti. Quos ab saepe iste ad aut eligendi.', 2, '2019-01-01 09:33:43', '2019-01-01 09:33:43'),
	(275, 123, 'Grayce Cremin', 'Commodi error nesciunt ea culpa facere quas. Similique accusamus ut est aspernatur voluptatum autem dolore mollitia. Sed corporis alias incidunt qui. Debitis quibusdam natus delectus amet.', 1, '2019-01-01 09:33:43', '2019-01-01 09:33:43'),
	(276, 132, 'Zion Morar', 'Perferendis non fuga aut non et ratione. Maxime autem commodi dolorem ipsam et aut id.', 0, '2019-01-01 09:33:43', '2019-01-01 09:33:43'),
	(277, 114, 'Lucious Schaden III', 'Illum ut qui commodi sed rerum. Eum rerum ipsum perferendis quo. Porro est ducimus delectus.', 1, '2019-01-01 09:33:43', '2019-01-01 09:33:43'),
	(278, 134, 'Ms. Barbara Rodriguez', 'Omnis dicta molestiae ullam amet corrupti sequi nisi. Deserunt nulla magni alias. Et adipisci cum iusto quia libero qui voluptatum.', 2, '2019-01-01 09:33:43', '2019-01-01 09:33:43'),
	(279, 38, 'Melody Kreiger', 'Deserunt dolorem quis quibusdam totam. Hic quia aut rerum et expedita voluptatem quo. Laboriosam dolor fuga repellendus. Similique et nisi consequatur.', 2, '2019-01-01 09:33:43', '2019-01-01 09:33:43'),
	(280, 74, 'Dejah Hoppe', 'Est voluptas dolores dicta perferendis sit omnis delectus. Aut quis voluptatum est deleniti esse libero rerum vero. Ut quo sed sunt voluptatem tenetur tempora adipisci. Incidunt minus dolor eum odit quam alias.', 5, '2019-01-01 09:33:43', '2019-01-01 09:33:43'),
	(281, 92, 'Mrs. Maybelle Gaylord III', 'A dolorem fugiat rem explicabo ea. Et beatae est velit expedita voluptates est aliquid quam. Est omnis aut et iure possimus temporibus et. Nesciunt deleniti voluptates sed harum cum ad soluta quos. Nostrum veniam occaecati soluta dolor.', 2, '2019-01-01 09:33:43', '2019-01-01 09:33:43'),
	(282, 72, 'Kiel Ferry III', 'Inventore enim nesciunt laborum earum. Dolor doloremque aspernatur eveniet quisquam eaque illum. Hic soluta voluptas iste totam blanditiis consequuntur fuga.', 1, '2019-01-01 09:33:43', '2019-01-01 09:33:43'),
	(283, 119, 'Dr. Erling Kemmer II', 'Veritatis numquam fugit sit harum. Aut voluptas occaecati quia illo eos minus debitis. Sequi aspernatur quos et ad aliquid incidunt voluptatem. Ut ratione mollitia tempora voluptatem. Rem distinctio itaque quaerat commodi.', 1, '2019-01-01 09:33:43', '2019-01-01 09:33:43'),
	(284, 127, 'Amelia Goyette', 'Dolore et eveniet est est id. Ad qui natus magnam in omnis magnam. Qui omnis voluptas repellendus delectus magnam et. Sit unde laborum consequuntur quod odit vitae autem. Amet possimus exercitationem molestias rerum.', 2, '2019-01-01 09:33:43', '2019-01-01 09:33:43'),
	(285, 131, 'Malachi Conroy', 'Autem sunt quis voluptas id fugiat. Accusamus at quibusdam in ut harum rerum aliquam quasi. Odit fugit consequuntur ut quae ullam laudantium voluptas. Dolor soluta perferendis repudiandae repellat iure.', 4, '2019-01-01 09:33:43', '2019-01-01 09:33:43'),
	(286, 48, 'Celestino Schaden', 'Voluptatem ad recusandae quia ea debitis sint. Doloribus id qui voluptatem doloribus consequatur quia possimus. A amet alias ex. Optio odit aut consectetur sed rerum eaque reiciendis vero.', 5, '2019-01-01 09:33:43', '2019-01-01 09:33:43'),
	(287, 51, 'Henri Marvin', 'Aut ut eaque ipsum saepe temporibus ut. Libero velit nihil natus. Corrupti et dignissimos architecto enim. Quos impedit nostrum esse nobis a.', 2, '2019-01-01 09:33:43', '2019-01-01 09:33:43'),
	(288, 10, 'Mable Lockman', 'Inventore iusto voluptatem ut in vel. Magni voluptate eius rerum maiores culpa. Eaque impedit voluptatem est nihil. Distinctio aut hic omnis dolor vel est.', 1, '2019-01-01 09:33:43', '2019-01-01 09:33:43'),
	(289, 32, 'Mrs. Estella Muller Sr.', 'Nam quae et totam assumenda reiciendis dolor eos sit. Rerum magnam in voluptatem qui. Aut autem sit autem consequatur. Adipisci magnam sit voluptatem itaque vel odio.', 1, '2019-01-01 09:33:43', '2019-01-01 09:33:43'),
	(290, 57, 'Ricardo Daugherty', 'Consequatur repudiandae inventore architecto ipsa totam. Et cumque voluptas qui veritatis. Quisquam voluptatibus quo aut natus et iure. Officiis occaecati facilis quisquam enim exercitationem porro aut.', 1, '2019-01-01 09:33:43', '2019-01-01 09:33:43'),
	(291, 131, 'Dr. Kiley Kihn I', 'Ipsum et enim voluptatem iusto omnis id beatae. Non rerum laborum ut cumque. Dolores repudiandae ut pariatur ut velit.', 2, '2019-01-01 09:33:43', '2019-01-01 09:33:43'),
	(292, 2, 'Margarett Frami', 'Illum libero laborum similique reiciendis natus autem voluptas. Consequatur ipsam ea odit hic eum sint. Et amet facilis et facilis. Ut fugit expedita voluptatem quia.', 0, '2019-01-01 09:33:43', '2019-01-01 09:33:43'),
	(293, 113, 'Genevieve Lockman', 'Perferendis quos natus veritatis in et aperiam eaque. Fugit nostrum eos vel vero. Qui atque enim libero voluptate possimus distinctio.', 2, '2019-01-01 09:33:43', '2019-01-01 09:33:43'),
	(294, 105, 'Valentine Bauch', 'Incidunt vitae tenetur alias harum. At laborum qui fuga tempora. Laudantium consequatur sapiente mollitia.', 4, '2019-01-01 09:33:43', '2019-01-01 09:33:43'),
	(295, 107, 'Precious Metz', 'Culpa veritatis non cum exercitationem repellat occaecati. Cum accusamus aut omnis velit harum odit ut ut. Facere quis rem et et soluta. Accusamus voluptatem incidunt accusantium quo.', 0, '2019-01-01 09:33:43', '2019-01-01 09:33:43'),
	(296, 123, 'Dr. Icie Walker', 'Molestiae molestiae atque aut voluptate voluptates et modi. Aliquid vel reiciendis debitis. Corrupti at autem voluptates consequatur sed. Sit cum aspernatur id perferendis.', 2, '2019-01-01 09:33:43', '2019-01-01 09:33:43'),
	(297, 41, 'Mrs. Reanna Bayer IV', 'Vel labore sapiente ad qui. Numquam minima dicta qui autem ut ipsam.', 4, '2019-01-01 09:33:43', '2019-01-01 09:33:43'),
	(298, 60, 'Morris Schumm Sr.', 'Aperiam veniam aut quia cupiditate. Adipisci velit iste placeat alias. Similique facilis alias corrupti quod excepturi natus quam. Excepturi pariatur ex saepe enim.', 5, '2019-01-01 09:33:43', '2019-01-01 09:33:43'),
	(299, 106, 'Mariane Kunze', 'Sequi facere aliquid perferendis modi. Recusandae voluptatem consectetur tenetur accusantium. Velit qui ipsa error recusandae ipsum non. Doloremque sed deleniti enim illum perspiciatis.', 4, '2019-01-01 09:33:43', '2019-01-01 09:33:43'),
	(300, 101, 'Lesley Medhurst', 'Ad laboriosam neque voluptates rerum. Ducimus optio dolorem iusto eveniet corporis asperiores sit. Officiis reprehenderit commodi et nam voluptatibus recusandae corporis.', 4, '2019-01-01 09:33:43', '2019-01-01 09:33:43');
/*!40000 ALTER TABLE `reviews` ENABLE KEYS */;

-- Dumping structure for table eapi.users
DROP TABLE IF EXISTS `users`;
CREATE TABLE IF NOT EXISTS `users` (
  `id` int(10) unsigned NOT NULL AUTO_INCREMENT,
  `name` varchar(191) COLLATE utf8mb4_unicode_ci NOT NULL,
  `email` varchar(191) COLLATE utf8mb4_unicode_ci NOT NULL,
  `password` varchar(191) COLLATE utf8mb4_unicode_ci NOT NULL,
  `remember_token` varchar(100) COLLATE utf8mb4_unicode_ci DEFAULT NULL,
  `created_at` timestamp NULL DEFAULT NULL,
  `updated_at` timestamp NULL DEFAULT NULL,
  PRIMARY KEY (`id`),
  UNIQUE KEY `users_email_unique` (`email`)
) ENGINE=MyISAM DEFAULT CHARSET=utf8mb4 COLLATE=utf8mb4_unicode_ci;

-- Dumping data for table eapi.users: 0 rows
/*!40000 ALTER TABLE `users` DISABLE KEYS */;
/*!40000 ALTER TABLE `users` ENABLE KEYS */;

/*!40101 SET SQL_MODE=IFNULL(@OLD_SQL_MODE, '') */;
/*!40014 SET FOREIGN_KEY_CHECKS=IF(@OLD_FOREIGN_KEY_CHECKS IS NULL, 1, @OLD_FOREIGN_KEY_CHECKS) */;
/*!40101 SET CHARACTER_SET_CLIENT=@OLD_CHARACTER_SET_CLIENT */;
